{"GC=F": {"son_fiyat": 4724.6, "son_mesaj_zamani": 1768895127.638412}, "SI=F": {"son_fiyat": 94.095, "son_mesaj_zamani": 1768924854.016422}, "PL=F": {"son_fiyat": 2431.2, "son_mesaj_zamani": 1768924854.016422}, "PA=F": {"son_fiyat": 1888.0, "son_mesaj_zamani": 1768921336.7781117}, "HG=F": {"son_fiyat": 5.7805, "son_mesaj_zamani": 1768921336.7781117}, "ALI=F": {"son_fiyat": 3064.0, "son_mesaj_zamani": 1768924854.016422}, "CL=F": {"son_fiyat": 60.24, "son_mesaj_zamani": 1768921336.7781117}, "BZ=F": {"son_fiyat": 64.8, "son_mesaj_zamani": 1768921336.7781117}, "NG=F": {"son_fiyat": 3.886, "son_mesaj_zamani": 1768921336.7781117}, "RB=F": {"son_fiyat": 1.8451, "son_mesaj_zamani": 1768924854.016422}, "ZC=F": {"son_fiyat": 423.25, "son_mesaj_zamani": 1768895127.638412}, "ZW=F": {"son_fiyat": 511.5, "son_mesaj_zamani": 1768921336.7781117}, "ZS=F": {"son_fiyat": 1054.5, "son_mesaj_zamani": 1768899931.4294996}, "KC=F": {"son_fiyat": 351.8, "son_mesaj_zamani": 1768917546.3767285}, "SB=F": {"son_fiyat": 14.85, "son_mesaj_zamani": 1768924854.016422}, "CC=F": {"son_fiyat": 4667.0, "son_mesaj_zamani": 1768921336.7781117}, "CT=F": {"son_fiyat": 64.6, "son_mesaj_zamani": 1768895127.638412}}