{"GC=F": {"son_fiyat": 4880.60009765625, "son_mesaj_zamani": 1771341197.0348065}, "SI=F": {"son_fiyat": 73.79499816894531, "son_mesaj_zamani": 1771355587.9707296}, "CL=F": {"son_fiyat": 61.939998626708984, "son_mesaj_zamani": 1771344594.8130193}, "NG=F": {"son_fiyat": 3.0450000762939453, "son_mesaj_zamani": 1771351634.863355}, "HG=F": {"son_fiyat": 5.688000202178955, "son_mesaj_zamani": 1771306888.8490553}, "ZC=F": {"son_fiyat": 427.75, "son_mesaj_zamani": 1771341197.0348065}, "ZW=F": {"son_fiyat": 541.5, "son_mesaj_zamani": 1771294063.0918238}, "NQ=F": {"son_fiyat": 24702.25, "son_mesaj_zamani": 1771257426.0465548}, "ES=F": {"son_fiyat": 6829.25, "son_mesaj_zamani": 1771294063.0918238}, "PL=F": {"son_fiyat": 2035.4000244140625, "son_mesaj_zamani": 1771355587.9707296}, "PA=F": {"son_fiyat": 1718.0, "son_mesaj_zamani": 1771355587.9707296}}