{"GC=F": {"son_fiyat": 4969.0, "son_mesaj_zamani": 1770140366.7057464}, "SI=F": {"son_fiyat": 85.31999969482422, "son_mesaj_zamani": 1770140366.7057464}, "CL=F": {"son_fiyat": 62.709999084472656, "son_mesaj_zamani": 1770129288.1127923}, "NG=F": {"son_fiyat": 3.3529999256134033, "son_mesaj_zamani": 1770140366.7057464}, "HG=F": {"son_fiyat": 6.079500198364258, "son_mesaj_zamani": 1770140366.7057464}, "ZC=F": {"son_fiyat": 428.0, "son_mesaj_zamani": 1769770887.0004795}, "ZW=F": {"son_fiyat": 526.5, "son_mesaj_zamani": 1770055512.309435}, "NQ=F": {"son_fiyat": 25401.5, "son_mesaj_zamani": 1770140366.7057464}, "ES=F": {"son_fiyat": 6931.25, "son_mesaj_zamani": 1770140366.7057464}, "PL=F": {"son_fiyat": 2230.39990234375, "son_mesaj_zamani": 1770129288.1127923}, "PA=F": {"son_fiyat": 1779.5, "son_mesaj_zamani": 1770140366.7057464}}