{"GC=F": {"son_fiyat": 5025.60009765625, "son_mesaj_zamani": 1771428583.4286544}, "SI=F": {"son_fiyat": 78.02999877929688, "son_mesaj_zamani": 1771428583.4286544}, "CL=F": {"son_fiyat": 63.93000030517578, "son_mesaj_zamani": 1771425229.8751562}, "NG=F": {"son_fiyat": 2.9719998836517334, "son_mesaj_zamani": 1771432542.8818784}, "HG=F": {"son_fiyat": 5.790999889373779, "son_mesaj_zamani": 1771432542.8818784}, "ZC=F": {"son_fiyat": 427.75, "son_mesaj_zamani": 1771341197.0348065}, "ZW=F": {"son_fiyat": 546.25, "son_mesaj_zamani": 1771400384.7186549}, "NQ=F": {"son_fiyat": 24905.5, "son_mesaj_zamani": 1771405798.039548}, "ES=F": {"son_fiyat": 6886.25, "son_mesaj_zamani": 1771403138.069558}, "PL=F": {"son_fiyat": 2117.800048828125, "son_mesaj_zamani": 1771428583.4286544}, "PA=F": {"son_fiyat": 1770.0, "son_mesaj_zamani": 1771428583.4286544}}