{"GC=F": {"son_fiyat": 5327.39990234375, "son_mesaj_zamani": 1769591112.4642255}, "SI=F": {"son_fiyat": 111.3550033569336, "son_mesaj_zamani": 1769627057.132117}, "CL=F": {"son_fiyat": 63.290000915527344, "son_mesaj_zamani": 1769608820.6760535}, "NG=F": {"son_fiyat": 3.7269999980926514, "son_mesaj_zamani": 1769627057.132117}, "HG=F": {"son_fiyat": 5.9375, "son_mesaj_zamani": 1769598013.8485765}, "ZC=F": {"son_fiyat": 432.25, "son_mesaj_zamani": 1769612667.8627312}, "ZW=F": {"son_fiyat": 538.75, "son_mesaj_zamani": 1769612667.8627312}, "NQ=F": {"son_fiyat": 26138.5, "son_mesaj_zamani": 1769557314.8134131}, "ES=F": {"son_fiyat": 7024.0, "son_mesaj_zamani": 1769573144.5415406}, "PL=F": {"son_fiyat": 2592.800048828125, "son_mesaj_zamani": 1769627057.132117}, "PA=F": {"son_fiyat": 1998.5, "son_mesaj_zamani": 1769627057.132117}}