{"GC=F": {"son_fiyat": 4721.89990234375, "son_mesaj_zamani": 1768894122.7547827}, "SI=F": {"son_fiyat": 94.20500183105469, "son_mesaj_zamani": 1768894122.7547827}, "PL=F": {"son_fiyat": 2389.10009765625, "son_mesaj_zamani": 1768894122.7547827}, "PA=F": {"son_fiyat": 1886.0, "son_mesaj_zamani": 1768894122.7547827}, "HG=F": {"son_fiyat": 5.875999927520752, "son_mesaj_zamani": 1768894122.7547827}, "ALI=F": {"son_fiyat": 3110.75, "son_mesaj_zamani": 1768894122.7547827}, "CL=F": {"son_fiyat": 59.15999984741211, "son_mesaj_zamani": 1768894122.7547827}, "BZ=F": {"son_fiyat": 63.83000183105469, "son_mesaj_zamani": 1768894122.7547827}, "NG=F": {"son_fiyat": 3.7200000286102295, "son_mesaj_zamani": 1768894122.7547827}, "RB=F": {"son_fiyat": 1.8121999502182007, "son_mesaj_zamani": 1768894122.7547827}, "ZC=F": {"son_fiyat": 423.25, "son_mesaj_zamani": 1768894122.7547827}, "ZW=F": {"son_fiyat": 516.5, "son_mesaj_zamani": 1768894122.7547827}, "ZS=F": {"son_fiyat": 1078.5, "son_mesaj_zamani": 1768894122.7547827}, "KC=F": {"son_fiyat": 355.1000061035156, "son_mesaj_zamani": 1768894122.7547827}, "SB=F": {"son_fiyat": 14.960000038146973, "son_mesaj_zamani": 1768894122.7547827}, "CC=F": {"son_fiyat": 5088.0, "son_mesaj_zamani": 1768894122.7547827}, "CT=F": {"son_fiyat": 64.66000366210938, "son_mesaj_zamani": 1768894122.7547827}}