{"GC=F": {"son_fiyat": 5465.2001953125, "son_mesaj_zamani": 1769730720.5580418}, "SI=F": {"son_fiyat": 117.25, "son_mesaj_zamani": 1769730720.5580418}, "CL=F": {"son_fiyat": 65.61000061035156, "son_mesaj_zamani": 1769695807.9149678}, "NG=F": {"son_fiyat": 3.884999990463257, "son_mesaj_zamani": 1769715774.9004374}, "HG=F": {"son_fiyat": 6.336999893188477, "son_mesaj_zamani": 1769730720.5580418}, "ZC=F": {"son_fiyat": 432.25, "son_mesaj_zamani": 1769612667.8627312}, "ZW=F": {"son_fiyat": 538.75, "son_mesaj_zamani": 1769612667.8627312}, "NQ=F": {"son_fiyat": 26007.25, "son_mesaj_zamani": 1769730720.5580418}, "ES=F": {"son_fiyat": 6966.0, "son_mesaj_zamani": 1769715774.9004374}, "PL=F": {"son_fiyat": 2636.89990234375, "son_mesaj_zamani": 1769727514.4159086}, "PA=F": {"son_fiyat": 2048.0, "son_mesaj_zamani": 1769730720.5580418}}