{"GC=F": {"son_fiyat": 5386.2001953125, "son_mesaj_zamani": 1769720102.2341032}, "SI=F": {"son_fiyat": 115.5999984741211, "son_mesaj_zamani": 1769720102.2341032}, "CL=F": {"son_fiyat": 65.61000061035156, "son_mesaj_zamani": 1769695807.9149678}, "NG=F": {"son_fiyat": 3.884999990463257, "son_mesaj_zamani": 1769715774.9004374}, "HG=F": {"son_fiyat": 6.286499977111816, "son_mesaj_zamani": 1769720102.2341032}, "ZC=F": {"son_fiyat": 432.25, "son_mesaj_zamani": 1769612667.8627312}, "ZW=F": {"son_fiyat": 538.75, "son_mesaj_zamani": 1769612667.8627312}, "NQ=F": {"son_fiyat": 25797.75, "son_mesaj_zamani": 1769709476.0763736}, "ES=F": {"son_fiyat": 6966.0, "son_mesaj_zamani": 1769715774.9004374}, "PL=F": {"son_fiyat": 2636.89990234375, "son_mesaj_zamani": 1769727514.4159086}, "PA=F": {"son_fiyat": 2023.0, "son_mesaj_zamani": 1769709476.0763736}}