{"GC=F": {"son_fiyat": 4995.0, "son_mesaj_zamani": 1771512078.2669122}, "SI=F": {"son_fiyat": 78.15499877929688, "son_mesaj_zamani": 1771518924.2863698}, "CL=F": {"son_fiyat": 66.5199966430664, "son_mesaj_zamani": 1771509256.6858168}, "NG=F": {"son_fiyat": 2.9719998836517334, "son_mesaj_zamani": 1771522212.1136758}, "HG=F": {"son_fiyat": 5.736000061035156, "son_mesaj_zamani": 1771499576.5368366}, "ZC=F": {"son_fiyat": 424.25, "son_mesaj_zamani": 1771522212.1136758}, "ZW=F": {"son_fiyat": 563.25, "son_mesaj_zamani": 1771518924.2863698}, "NQ=F": {"son_fiyat": 24905.5, "son_mesaj_zamani": 1771405798.039548}, "ES=F": {"son_fiyat": 6886.25, "son_mesaj_zamani": 1771403138.069558}, "PL=F": {"son_fiyat": 2068.699951171875, "son_mesaj_zamani": 1771509256.6858168}, "PA=F": {"son_fiyat": 1701.5, "son_mesaj_zamani": 1771515126.9303756}}