{"GC=F": {"son_fiyat": 4947.39990234375, "son_mesaj_zamani": 1771389279.69026}, "SI=F": {"son_fiyat": 75.79000091552734, "son_mesaj_zamani": 1771400384.7186549}, "CL=F": {"son_fiyat": 63.31999969482422, "son_mesaj_zamani": 1771414909.91961}, "NG=F": {"son_fiyat": 3.010999917984009, "son_mesaj_zamani": 1771393589.6255558}, "HG=F": {"son_fiyat": 5.688000202178955, "son_mesaj_zamani": 1771306888.8490553}, "ZC=F": {"son_fiyat": 427.75, "son_mesaj_zamani": 1771341197.0348065}, "ZW=F": {"son_fiyat": 546.25, "son_mesaj_zamani": 1771400384.7186549}, "NQ=F": {"son_fiyat": 24905.5, "son_mesaj_zamani": 1771405798.039548}, "ES=F": {"son_fiyat": 6886.25, "son_mesaj_zamani": 1771403138.069558}, "PL=F": {"son_fiyat": 2059.199951171875, "son_mesaj_zamani": 1771389279.69026}, "PA=F": {"son_fiyat": 1737.5, "son_mesaj_zamani": 1771389279.69026}}