{"GC=F": {"son_fiyat": 5025.60009765625, "son_mesaj_zamani": 1771428583.4286544}, "SI=F": {"son_fiyat": 77.19999694824219, "son_mesaj_zamani": 1771442918.0109544}, "CL=F": {"son_fiyat": 64.73999786376953, "son_mesaj_zamani": 1771436436.2846262}, "NG=F": {"son_fiyat": 3.0, "son_mesaj_zamani": 1771442918.0109544}, "HG=F": {"son_fiyat": 5.790999889373779, "son_mesaj_zamani": 1771432542.8818784}, "ZC=F": {"son_fiyat": 427.75, "son_mesaj_zamani": 1771341197.0348065}, "ZW=F": {"son_fiyat": 554.0, "son_mesaj_zamani": 1771442918.0109544}, "NQ=F": {"son_fiyat": 24905.5, "son_mesaj_zamani": 1771405798.039548}, "ES=F": {"son_fiyat": 6886.25, "son_mesaj_zamani": 1771403138.069558}, "PL=F": {"son_fiyat": 2095.5, "son_mesaj_zamani": 1771442918.0109544}, "PA=F": {"son_fiyat": 1737.0, "son_mesaj_zamani": 1771442918.0109544}}