{"GC=F": {"son_fiyat": 5063.7001953125, "son_mesaj_zamani": 1771010989.989911}, "SI=F": {"son_fiyat": 78.06999969482422, "son_mesaj_zamani": 1771010989.989911}, "CL=F": {"son_fiyat": 63.02000045776367, "son_mesaj_zamani": 1770991463.562336}, "NG=F": {"son_fiyat": 3.236999988555908, "son_mesaj_zamani": 1771005374.8559096}, "HG=F": {"son_fiyat": 5.796000003814697, "son_mesaj_zamani": 1771002728.5343804}, "ZC=F": {"son_fiyat": 431.5, "son_mesaj_zamani": 1770952612.3969486}, "ZW=F": {"son_fiyat": 550.75, "son_mesaj_zamani": 1770921263.250519}, "NQ=F": {"son_fiyat": 24909.25, "son_mesaj_zamani": 1771002728.5343804}, "ES=F": {"son_fiyat": 6885.5, "son_mesaj_zamani": 1771002728.5343804}, "PL=F": {"son_fiyat": 2073.0, "son_mesaj_zamani": 1770997017.308676}, "PA=F": {"son_fiyat": 1738.5, "son_mesaj_zamani": 1771010989.989911}}