{"SLV": 1768657170.5081089, "PPLT": 1768657170.5081089, "PALL": 1768657170.5081089, "CPER": 1768657170.5081089, "WEAT": 1768657170.5081089, "CORN": 1768657170.5081089}