{"SLV": 1768808878.833376, "PPLT": 1768808878.833376, "PALL": 1768808878.833376, "CPER": 1768801858.5374799, "WEAT": 1768808878.833376, "CORN": 1768808878.833376, "UNG": 1768801858.5374799, "GLD": 1768808878.833376}