{"GC=F": {"son_fiyat": 5067.5, "son_mesaj_zamani": 1769939792.286149}, "SI=F": {"son_fiyat": 78.29000091552734, "son_mesaj_zamani": 1769839446.449513}, "CL=F": {"son_fiyat": 65.04000091552734, "son_mesaj_zamani": 1769781988.3730888}, "NG=F": {"son_fiyat": 4.0920000076293945, "son_mesaj_zamani": 1769939792.286149}, "HG=F": {"son_fiyat": 6.014999866485596, "son_mesaj_zamani": 1769939792.286149}, "ZC=F": {"son_fiyat": 428.0, "son_mesaj_zamani": 1769770887.0004795}, "ZW=F": {"son_fiyat": 538.75, "son_mesaj_zamani": 1769612667.8627312}, "NQ=F": {"son_fiyat": 25779.5, "son_mesaj_zamani": 1769758196.991991}, "ES=F": {"son_fiyat": 6966.0, "son_mesaj_zamani": 1769715774.9004374}, "PL=F": {"son_fiyat": 2270.0, "son_mesaj_zamani": 1769939792.286149}, "PA=F": {"son_fiyat": 1837.0, "son_mesaj_zamani": 1769939792.286149}}