{"GC=F": {"son_fiyat": 4959.5, "son_mesaj_zamani": 1770220771.0017922}, "SI=F": {"son_fiyat": 85.58000183105469, "son_mesaj_zamani": 1770224152.5602584}, "CL=F": {"son_fiyat": 63.20000076293945, "son_mesaj_zamani": 1770215317.715978}, "NG=F": {"son_fiyat": 3.4549999237060547, "son_mesaj_zamani": 1770220771.0017922}, "HG=F": {"son_fiyat": 5.870999813079834, "son_mesaj_zamani": 1770224152.5602584}, "ZC=F": {"son_fiyat": 428.0, "son_mesaj_zamani": 1769770887.0004795}, "ZW=F": {"son_fiyat": 526.5, "son_mesaj_zamani": 1770055512.309435}, "NQ=F": {"son_fiyat": 25116.0, "son_mesaj_zamani": 1770217768.927456}, "ES=F": {"son_fiyat": 6931.25, "son_mesaj_zamani": 1770140366.7057464}, "PL=F": {"son_fiyat": 2206.60009765625, "son_mesaj_zamani": 1770224152.5602584}, "PA=F": {"son_fiyat": 1740.0, "son_mesaj_zamani": 1770224152.5602584}}