{"GC=F": {"son_fiyat": 4843.0, "son_mesaj_zamani": 1768968010.647514}, "SI=F": {"son_fiyat": 94.5199966430664, "son_mesaj_zamani": 1768944570.091109}, "CL=F": {"son_fiyat": 59.54999923706055, "son_mesaj_zamani": 1768944570.091109}, "NG=F": {"son_fiyat": 4.703000068664551, "son_mesaj_zamani": 1768986109.2060895}, "HG=F": {"son_fiyat": 5.823500156402588, "son_mesaj_zamani": 1768944570.091109}, "ZC=F": {"son_fiyat": 424.0, "son_mesaj_zamani": 1768944570.091109}, "ZW=F": {"son_fiyat": 510.5, "son_mesaj_zamani": 1768944570.091109}, "NQ=F": {"son_fiyat": 25150.0, "son_mesaj_zamani": 1768944570.091109}, "ES=F": {"son_fiyat": 6837.5, "son_mesaj_zamani": 1768944570.091109}, "PL=F": {"son_fiyat": 2444.39990234375, "son_mesaj_zamani": 1768982113.1261802}, "PA=F": {"son_fiyat": 1891.0, "son_mesaj_zamani": 1768982113.1261802}}