{"GC=F": {"son_fiyat": 4844.10009765625, "son_mesaj_zamani": 1770345924.4220638}, "SI=F": {"son_fiyat": 73.40499877929688, "son_mesaj_zamani": 1770368235.8374066}, "CL=F": {"son_fiyat": 64.2300033569336, "son_mesaj_zamani": 1770359486.3663204}, "NG=F": {"son_fiyat": 3.502000093460083, "son_mesaj_zamani": 1770368235.8374066}, "HG=F": {"son_fiyat": 5.7835001945495605, "son_mesaj_zamani": 1770345924.4220638}, "ZC=F": {"son_fiyat": 432.25, "son_mesaj_zamani": 1770306811.254746}, "ZW=F": {"son_fiyat": 535.0, "son_mesaj_zamani": 1770309141.0320106}, "NQ=F": {"son_fiyat": 24609.5, "son_mesaj_zamani": 1770359486.3663204}, "ES=F": {"son_fiyat": 6810.5, "son_mesaj_zamani": 1770306811.254746}, "PL=F": {"son_fiyat": 1989.300048828125, "son_mesaj_zamani": 1770368235.8374066}, "PA=F": {"son_fiyat": 1627.0, "son_mesaj_zamani": 1770363024.3150656}}