{"GC=F": {"son_fiyat": 5145.7998046875, "son_mesaj_zamani": 1769546873.5688283}, "SI=F": {"son_fiyat": 112.54000091552734, "son_mesaj_zamani": 1769549981.5836864}, "CL=F": {"son_fiyat": 62.439998626708984, "son_mesaj_zamani": 1769543623.8022072}, "NG=F": {"son_fiyat": 3.805999994277954, "son_mesaj_zamani": 1769543623.8022072}, "HG=F": {"son_fiyat": 5.938000202178955, "son_mesaj_zamani": 1769549981.5836864}, "ZC=F": {"son_fiyat": 428.75, "son_mesaj_zamani": 1769183601.1449463}, "ZW=F": {"son_fiyat": 521.25, "son_mesaj_zamani": 1769497479.4132106}, "NQ=F": {"son_fiyat": 25906.75, "son_mesaj_zamani": 1769447149.347128}, "ES=F": {"son_fiyat": 6965.5, "son_mesaj_zamani": 1769104676.47341}, "PL=F": {"son_fiyat": 2633.300048828125, "son_mesaj_zamani": 1769549981.5836864}, "PA=F": {"son_fiyat": 1950.5, "son_mesaj_zamani": 1769550815.8296683}}