{"GC=F": {"son_fiyat": 5386.7998046875, "son_mesaj_zamani": 1769709476.0763736}, "SI=F": {"son_fiyat": 115.05000305175781, "son_mesaj_zamani": 1769709476.0763736}, "CL=F": {"son_fiyat": 65.61000061035156, "son_mesaj_zamani": 1769695807.9149678}, "NG=F": {"son_fiyat": 3.8259999752044678, "son_mesaj_zamani": 1769709476.0763736}, "HG=F": {"son_fiyat": 6.192999839782715, "son_mesaj_zamani": 1769709476.0763736}, "ZC=F": {"son_fiyat": 432.25, "son_mesaj_zamani": 1769612667.8627312}, "ZW=F": {"son_fiyat": 538.75, "son_mesaj_zamani": 1769612667.8627312}, "NQ=F": {"son_fiyat": 25797.75, "son_mesaj_zamani": 1769709476.0763736}, "ES=F": {"son_fiyat": 6906.5, "son_mesaj_zamani": 1769702366.3988414}, "PL=F": {"son_fiyat": 2612.0, "son_mesaj_zamani": 1769709476.0763736}, "PA=F": {"son_fiyat": 2023.0, "son_mesaj_zamani": 1769709476.0763736}}