{"GLD": 1768810194.7687194, "SLV": 1768810194.7687194, "PPLT": 1768810194.7687194, "PALL": 1768810194.7687194, "CPER": 1768810194.7687194, "UNG": 1768810194.7687194, "WEAT": 1768810194.7687194, "CORN": 1768810194.7687194}