{"GC=F": {"son_fiyat": 5038.39990234375, "son_mesaj_zamani": 1771485525.0756948}, "SI=F": {"son_fiyat": 78.18499755859375, "son_mesaj_zamani": 1771496741.2552571}, "CL=F": {"son_fiyat": 65.98999786376953, "son_mesaj_zamani": 1771491226.17752}, "NG=F": {"son_fiyat": 3.052000045776367, "son_mesaj_zamani": 1771499576.5368366}, "HG=F": {"son_fiyat": 5.736000061035156, "son_mesaj_zamani": 1771499576.5368366}, "ZC=F": {"son_fiyat": 427.75, "son_mesaj_zamani": 1771341197.0348065}, "ZW=F": {"son_fiyat": 558.5, "son_mesaj_zamani": 1771499576.5368366}, "NQ=F": {"son_fiyat": 24905.5, "son_mesaj_zamani": 1771405798.039548}, "ES=F": {"son_fiyat": 6886.25, "son_mesaj_zamani": 1771403138.069558}, "PL=F": {"son_fiyat": 2090.10009765625, "son_mesaj_zamani": 1771499576.5368366}, "PA=F": {"son_fiyat": 1732.5, "son_mesaj_zamani": 1771496741.2552571}}