{"GC=F": {"son_fiyat": 4803.7998046875, "son_mesaj_zamani": 1769024612.0721812}, "SI=F": {"son_fiyat": 93.24500274658203, "son_mesaj_zamani": 1769055398.4106894}, "CL=F": {"son_fiyat": 60.439998626708984, "son_mesaj_zamani": 1768995976.6599889}, "NG=F": {"son_fiyat": 5.46999979019165, "son_mesaj_zamani": 1769061674.1794298}, "HG=F": {"son_fiyat": 5.76800012588501, "son_mesaj_zamani": 1769019012.798982}, "ZC=F": {"son_fiyat": 424.0, "son_mesaj_zamani": 1768944570.091109}, "ZW=F": {"son_fiyat": 509.5, "son_mesaj_zamani": 1769011372.6963367}, "NQ=F": {"son_fiyat": 25465.0, "son_mesaj_zamani": 1769024612.0721812}, "ES=F": {"son_fiyat": 6906.75, "son_mesaj_zamani": 1769011372.6963367}, "PL=F": {"son_fiyat": 2438.60009765625, "son_mesaj_zamani": 1769040053.3339324}, "PA=F": {"son_fiyat": 1856.5, "son_mesaj_zamani": 1769039368.3797114}}