{"GC=F": {"son_fiyat": 4937.89990234375, "son_mesaj_zamani": 1770384084.3225791}, "SI=F": {"son_fiyat": 76.38999938964844, "son_mesaj_zamani": 1770392485.3816268}, "CL=F": {"son_fiyat": 63.84000015258789, "son_mesaj_zamani": 1770392485.3816268}, "NG=F": {"son_fiyat": 3.558000087738037, "son_mesaj_zamani": 1770389906.349527}, "HG=F": {"son_fiyat": 5.85099983215332, "son_mesaj_zamani": 1770389906.349527}, "ZC=F": {"son_fiyat": 432.25, "son_mesaj_zamani": 1770306811.254746}, "ZW=F": {"son_fiyat": 535.0, "son_mesaj_zamani": 1770309141.0320106}, "NQ=F": {"son_fiyat": 24847.75, "son_mesaj_zamani": 1770378371.4896195}, "ES=F": {"son_fiyat": 6899.5, "son_mesaj_zamani": 1770389906.349527}, "PL=F": {"son_fiyat": 2085.10009765625, "son_mesaj_zamani": 1770392485.3816268}, "PA=F": {"son_fiyat": 1725.0, "son_mesaj_zamani": 1770389906.349527}}