{"GC=F": {"son_fiyat": 5037.5, "son_mesaj_zamani": 1769456708.3560665}, "SI=F": {"son_fiyat": 108.76000213623047, "son_mesaj_zamani": 1769456708.3560665}, "CL=F": {"son_fiyat": 60.63999938964844, "son_mesaj_zamani": 1769443027.8753057}, "NG=F": {"son_fiyat": 3.8450000286102295, "son_mesaj_zamani": 1769456708.3560665}, "HG=F": {"son_fiyat": 5.978000164031982, "son_mesaj_zamani": 1769454259.0542529}, "ZC=F": {"son_fiyat": 428.75, "son_mesaj_zamani": 1769183601.1449463}, "ZW=F": {"son_fiyat": 525.5, "son_mesaj_zamani": 1769439591.1091385}, "NQ=F": {"son_fiyat": 25906.75, "son_mesaj_zamani": 1769447149.347128}, "ES=F": {"son_fiyat": 6965.5, "son_mesaj_zamani": 1769104676.47341}, "PL=F": {"son_fiyat": 2701.0, "son_mesaj_zamani": 1769456708.3560665}, "PA=F": {"son_fiyat": 2063.5, "son_mesaj_zamani": 1769456708.3560665}}