{"GC=F": {"son_fiyat": 4890.2001953125, "son_mesaj_zamani": 1770283913.9795}, "SI=F": {"son_fiyat": 75.95500183105469, "son_mesaj_zamani": 1770297810.287699}, "CL=F": {"son_fiyat": 63.81999969482422, "son_mesaj_zamani": 1770297810.287699}, "NG=F": {"son_fiyat": 3.5199999809265137, "son_mesaj_zamani": 1770291726.2284682}, "HG=F": {"son_fiyat": 5.770999908447266, "son_mesaj_zamani": 1770297810.287699}, "ZC=F": {"son_fiyat": 428.0, "son_mesaj_zamani": 1769770887.0004795}, "ZW=F": {"son_fiyat": 526.5, "son_mesaj_zamani": 1770055512.309435}, "NQ=F": {"son_fiyat": 24799.5, "son_mesaj_zamani": 1770297810.287699}, "ES=F": {"son_fiyat": 6867.75, "son_mesaj_zamani": 1770297810.287699}, "PL=F": {"son_fiyat": 2031.0999755859375, "son_mesaj_zamani": 1770297810.287699}, "PA=F": {"son_fiyat": 1705.5, "son_mesaj_zamani": 1770297810.287699}}