{"GC=F": {"son_fiyat": 5033.2001953125, "son_mesaj_zamani": 1770248232.996847}, "SI=F": {"son_fiyat": 87.44999694824219, "son_mesaj_zamani": 1770256052.2082384}, "CL=F": {"son_fiyat": 64.33999633789062, "son_mesaj_zamani": 1770236371.0445185}, "NG=F": {"son_fiyat": 3.4549999237060547, "son_mesaj_zamani": 1770220771.0017922}, "HG=F": {"son_fiyat": 5.938499927520752, "son_mesaj_zamani": 1770242006.5238152}, "ZC=F": {"son_fiyat": 428.0, "son_mesaj_zamani": 1769770887.0004795}, "ZW=F": {"son_fiyat": 526.5, "son_mesaj_zamani": 1770055512.309435}, "NQ=F": {"son_fiyat": 25038.25, "son_mesaj_zamani": 1770234768.8892658}, "ES=F": {"son_fiyat": 6925.25, "son_mesaj_zamani": 1770236371.0445185}, "PL=F": {"son_fiyat": 2245.800048828125, "son_mesaj_zamani": 1770248232.996847}, "PA=F": {"son_fiyat": 1777.5, "son_mesaj_zamani": 1770242006.5238152}}