{"GC=F": {"son_fiyat": 4837.60009765625, "son_mesaj_zamani": 1770095273.5418253}, "SI=F": {"son_fiyat": 83.19999694824219, "son_mesaj_zamani": 1770095273.5418253}, "CL=F": {"son_fiyat": 61.79999923706055, "son_mesaj_zamani": 1770055512.309435}, "NG=F": {"son_fiyat": 3.1710000038146973, "son_mesaj_zamani": 1770095273.5418253}, "HG=F": {"son_fiyat": 5.8979997634887695, "son_mesaj_zamani": 1770095273.5418253}, "ZC=F": {"son_fiyat": 428.0, "son_mesaj_zamani": 1769770887.0004795}, "ZW=F": {"son_fiyat": 526.5, "son_mesaj_zamani": 1770055512.309435}, "NQ=F": {"son_fiyat": 25779.5, "son_mesaj_zamani": 1769758196.991991}, "ES=F": {"son_fiyat": 7022.25, "son_mesaj_zamani": 1770095273.5418253}, "PL=F": {"son_fiyat": 2159.60009765625, "son_mesaj_zamani": 1770076590.4574325}, "PA=F": {"son_fiyat": 1751.0, "son_mesaj_zamani": 1770076590.4574325}}