{"GC=F": {"son_fiyat": 5041.0, "son_mesaj_zamani": 1771571314.684043}, "SI=F": {"son_fiyat": 80.4800033569336, "son_mesaj_zamani": 1771583557.625581}, "CL=F": {"son_fiyat": 65.94999694824219, "son_mesaj_zamani": 1771583557.625581}, "NG=F": {"son_fiyat": 2.9170000553131104, "son_mesaj_zamani": 1771585658.1632605}, "HG=F": {"son_fiyat": 5.7895002365112305, "son_mesaj_zamani": 1771578481.4922068}, "ZC=F": {"son_fiyat": 438.25, "son_mesaj_zamani": 1771585658.1632605}, "ZW=F": {"son_fiyat": 569.25, "son_mesaj_zamani": 1771530571.2090843}, "NQ=F": {"son_fiyat": 24905.5, "son_mesaj_zamani": 1771405798.039548}, "ES=F": {"son_fiyat": 6886.25, "son_mesaj_zamani": 1771403138.069558}, "PL=F": {"son_fiyat": 2114.699951171875, "son_mesaj_zamani": 1771578481.4922068}, "PA=F": {"son_fiyat": 1728.0, "son_mesaj_zamani": 1771578481.4922068}}