{"GC=F": {"son_fiyat": 5086.2998046875, "son_mesaj_zamani": 1770818351.9577377}, "SI=F": {"son_fiyat": 83.45999908447266, "son_mesaj_zamani": 1770829779.8028738}, "CL=F": {"son_fiyat": 65.37999725341797, "son_mesaj_zamani": 1770813319.509635}, "NG=F": {"son_fiyat": 3.190999984741211, "son_mesaj_zamani": 1770829779.8028738}, "HG=F": {"son_fiyat": 5.929500102996826, "son_mesaj_zamani": 1770825610.8624046}, "ZC=F": {"son_fiyat": 428.0, "son_mesaj_zamani": 1770632070.308592}, "ZW=F": {"son_fiyat": 534.25, "son_mesaj_zamani": 1770810714.9823782}, "NQ=F": {"son_fiyat": 25318.5, "son_mesaj_zamani": 1770653600.655566}, "ES=F": {"son_fiyat": 6965.25, "son_mesaj_zamani": 1770411705.4420831}, "PL=F": {"son_fiyat": 2132.800048828125, "son_mesaj_zamani": 1770829779.8028738}, "PA=F": {"son_fiyat": 1733.5, "son_mesaj_zamani": 1770825610.8624046}}