{"GC=F": {"son_fiyat": 4849.10009765625, "son_mesaj_zamani": 1770322611.048534}, "SI=F": {"son_fiyat": 73.15499877929688, "son_mesaj_zamani": 1770324784.3859994}, "CL=F": {"son_fiyat": 63.540000915527344, "son_mesaj_zamani": 1770312535.2418058}, "NG=F": {"son_fiyat": 3.4690001010894775, "son_mesaj_zamani": 1770320837.275484}, "HG=F": {"son_fiyat": 5.759500026702881, "son_mesaj_zamani": 1770324784.3859994}, "ZC=F": {"son_fiyat": 432.25, "son_mesaj_zamani": 1770306811.254746}, "ZW=F": {"son_fiyat": 535.0, "son_mesaj_zamani": 1770309141.0320106}, "NQ=F": {"son_fiyat": 24799.5, "son_mesaj_zamani": 1770297810.287699}, "ES=F": {"son_fiyat": 6810.5, "son_mesaj_zamani": 1770306811.254746}, "PL=F": {"son_fiyat": 2002.800048828125, "son_mesaj_zamani": 1770324784.3859994}, "PA=F": {"son_fiyat": 1665.0, "son_mesaj_zamani": 1770324784.3859994}}