{"GC=F": {"son_fiyat": 4942.0, "son_mesaj_zamani": 1770921263.250519}, "SI=F": {"son_fiyat": 74.74500274658203, "son_mesaj_zamani": 1770940043.251514}, "CL=F": {"son_fiyat": 62.810001373291016, "son_mesaj_zamani": 1770917832.7616205}, "NG=F": {"son_fiyat": 3.2170000076293945, "son_mesaj_zamani": 1770921263.250519}, "HG=F": {"son_fiyat": 5.775000095367432, "son_mesaj_zamani": 1770921263.250519}, "ZC=F": {"son_fiyat": 428.0, "son_mesaj_zamani": 1770632070.308592}, "ZW=F": {"son_fiyat": 550.75, "son_mesaj_zamani": 1770921263.250519}, "NQ=F": {"son_fiyat": 24886.25, "son_mesaj_zamani": 1770913917.0960062}, "ES=F": {"son_fiyat": 6888.5, "son_mesaj_zamani": 1770913917.0960062}, "PL=F": {"son_fiyat": 1982.0, "son_mesaj_zamani": 1770938192.293146}, "PA=F": {"son_fiyat": 1632.5, "son_mesaj_zamani": 1770940043.251514}}