{"GC=F": {"son_fiyat": 5083.60009765625, "son_mesaj_zamani": 1770172605.290259}, "SI=F": {"son_fiyat": 88.5199966430664, "son_mesaj_zamani": 1770199196.9636326}, "CL=F": {"son_fiyat": 63.15999984741211, "son_mesaj_zamani": 1770196018.2878804}, "NG=F": {"son_fiyat": 3.309999942779541, "son_mesaj_zamani": 1770199196.9636326}, "HG=F": {"son_fiyat": 6.0295000076293945, "son_mesaj_zamani": 1770199196.9636326}, "ZC=F": {"son_fiyat": 428.0, "son_mesaj_zamani": 1769770887.0004795}, "ZW=F": {"son_fiyat": 526.5, "son_mesaj_zamani": 1770055512.309435}, "NQ=F": {"son_fiyat": 25401.5, "son_mesaj_zamani": 1770140366.7057464}, "ES=F": {"son_fiyat": 6931.25, "son_mesaj_zamani": 1770140366.7057464}, "PL=F": {"son_fiyat": 2279.10009765625, "son_mesaj_zamani": 1770199196.9636326}, "PA=F": {"son_fiyat": 1832.0, "son_mesaj_zamani": 1770199196.9636326}}