{"GC=F": {"son_fiyat": 5086.2998046875, "son_mesaj_zamani": 1770818351.9577377}, "SI=F": {"son_fiyat": 83.55999755859375, "son_mesaj_zamani": 1770867721.974745}, "CL=F": {"son_fiyat": 64.54000091552734, "son_mesaj_zamani": 1770837528.3486993}, "NG=F": {"son_fiyat": 3.2269999980926514, "son_mesaj_zamani": 1770846843.328496}, "HG=F": {"son_fiyat": 5.989500045776367, "son_mesaj_zamani": 1770844891.5359802}, "ZC=F": {"son_fiyat": 428.0, "son_mesaj_zamani": 1770632070.308592}, "ZW=F": {"son_fiyat": 534.25, "son_mesaj_zamani": 1770810714.9823782}, "NQ=F": {"son_fiyat": 25318.5, "son_mesaj_zamani": 1770653600.655566}, "ES=F": {"son_fiyat": 6965.25, "son_mesaj_zamani": 1770411705.4420831}, "PL=F": {"son_fiyat": 2131.60009765625, "son_mesaj_zamani": 1770867721.974745}, "PA=F": {"son_fiyat": 1731.0, "son_mesaj_zamani": 1770867721.974745}}