{"GC=F": {"son_fiyat": 5084.60009765625, "son_mesaj_zamani": 1769497479.4132106}, "SI=F": {"son_fiyat": 106.33000183105469, "son_mesaj_zamani": 1769526424.1947253}, "CL=F": {"son_fiyat": 61.70000076293945, "son_mesaj_zamani": 1769522763.124094}, "NG=F": {"son_fiyat": 3.6679999828338623, "son_mesaj_zamani": 1769526424.1947253}, "HG=F": {"son_fiyat": 5.834499835968018, "son_mesaj_zamani": 1769526424.1947253}, "ZC=F": {"son_fiyat": 428.75, "son_mesaj_zamani": 1769183601.1449463}, "ZW=F": {"son_fiyat": 521.25, "son_mesaj_zamani": 1769497479.4132106}, "NQ=F": {"son_fiyat": 25906.75, "son_mesaj_zamani": 1769447149.347128}, "ES=F": {"son_fiyat": 6965.5, "son_mesaj_zamani": 1769104676.47341}, "PL=F": {"son_fiyat": 2580.89990234375, "son_mesaj_zamani": 1769526424.1947253}, "PA=F": {"son_fiyat": 1918.0, "son_mesaj_zamani": 1769526424.1947253}}