{"GC=F": {"son_fiyat": 4762.5, "son_mesaj_zamani": 1768943322.989248}, "SI=F": {"son_fiyat": 94.095, "son_mesaj_zamani": 1768924854.016422}, "PL=F": {"son_fiyat": 2451.8, "son_mesaj_zamani": 1768941393.084411}, "PA=F": {"son_fiyat": 1888.0, "son_mesaj_zamani": 1768921336.7781117}, "HG=F": {"son_fiyat": 5.828000068664551, "son_mesaj_zamani": 1768943941.1810832}, "ALI=F": {"son_fiyat": 3064.0, "son_mesaj_zamani": 1768924854.016422}, "CL=F": {"son_fiyat": 59.459999084472656, "son_mesaj_zamani": 1768943322.989248}, "BZ=F": {"son_fiyat": 64.25, "son_mesaj_zamani": 1768941393.084411}, "NG=F": {"son_fiyat": 3.9200000762939453, "son_mesaj_zamani": 1768943941.1810832}, "RB=F": {"son_fiyat": 1.8451, "son_mesaj_zamani": 1768924854.016422}, "ZC=F": {"son_fiyat": 423.25, "son_mesaj_zamani": 1768895127.638412}, "ZW=F": {"son_fiyat": 511.5, "son_mesaj_zamani": 1768921336.7781117}, "ZS=F": {"son_fiyat": 1054.5, "son_mesaj_zamani": 1768899931.4294996}, "KC=F": {"son_fiyat": 347.0, "son_mesaj_zamani": 1768928731.0098412}, "SB=F": {"son_fiyat": 14.73, "son_mesaj_zamani": 1768931891.15842}, "CC=F": {"son_fiyat": 4619.0, "son_mesaj_zamani": 1768931891.15842}, "CT=F": {"son_fiyat": 64.6, "son_mesaj_zamani": 1768895127.638412}, "NQ=F": {"son_fiyat": 25140.5, "son_mesaj_zamani": 1768943941.1810832}, "ES=F": {"son_fiyat": 6834.75, "son_mesaj_zamani": 1768943941.1810832}}