{"GC=F": {"son_fiyat": 5086.2998046875, "son_mesaj_zamani": 1770818351.9577377}, "SI=F": {"son_fiyat": 84.48500061035156, "son_mesaj_zamani": 1770833357.4361024}, "CL=F": {"son_fiyat": 64.54000091552734, "son_mesaj_zamani": 1770837528.3486993}, "NG=F": {"son_fiyat": 3.2269999980926514, "son_mesaj_zamani": 1770846843.328496}, "HG=F": {"son_fiyat": 5.989500045776367, "son_mesaj_zamani": 1770844891.5359802}, "ZC=F": {"son_fiyat": 428.0, "son_mesaj_zamani": 1770632070.308592}, "ZW=F": {"son_fiyat": 534.25, "son_mesaj_zamani": 1770810714.9823782}, "NQ=F": {"son_fiyat": 25318.5, "son_mesaj_zamani": 1770653600.655566}, "ES=F": {"son_fiyat": 6965.25, "son_mesaj_zamani": 1770411705.4420831}, "PL=F": {"son_fiyat": 2132.800048828125, "son_mesaj_zamani": 1770829779.8028738}, "PA=F": {"son_fiyat": 1733.5, "son_mesaj_zamani": 1770825610.8624046}}