{"GC=F": {"son_fiyat": 5044.2998046875, "son_mesaj_zamani": 1770679872.563604}, "SI=F": {"son_fiyat": 81.51000213623047, "son_mesaj_zamani": 1770679872.563604}, "CL=F": {"son_fiyat": 64.20999908447266, "son_mesaj_zamani": 1770693833.01889}, "NG=F": {"son_fiyat": 3.131999969482422, "son_mesaj_zamani": 1770667714.3591075}, "HG=F": {"son_fiyat": 5.9095001220703125, "son_mesaj_zamani": 1770700523.1608438}, "ZC=F": {"son_fiyat": 428.0, "son_mesaj_zamani": 1770632070.308592}, "ZW=F": {"son_fiyat": 529.5, "son_mesaj_zamani": 1770400711.764626}, "NQ=F": {"son_fiyat": 25318.5, "son_mesaj_zamani": 1770653600.655566}, "ES=F": {"son_fiyat": 6965.25, "son_mesaj_zamani": 1770411705.4420831}, "PL=F": {"son_fiyat": 2093.0, "son_mesaj_zamani": 1770679872.563604}, "PA=F": {"son_fiyat": 1728.0, "son_mesaj_zamani": 1770679872.563604}}