{"GC=F": {"son_fiyat": 4792.2998046875, "son_mesaj_zamani": 1770328137.6505115}, "SI=F": {"son_fiyat": 70.6449966430664, "son_mesaj_zamani": 1770328979.721593}, "CL=F": {"son_fiyat": 63.540000915527344, "son_mesaj_zamani": 1770312535.2418058}, "NG=F": {"son_fiyat": 3.5320000648498535, "son_mesaj_zamani": 1770328137.6505115}, "HG=F": {"son_fiyat": 5.70550012588501, "son_mesaj_zamani": 1770328137.6505115}, "ZC=F": {"son_fiyat": 432.25, "son_mesaj_zamani": 1770306811.254746}, "ZW=F": {"son_fiyat": 535.0, "son_mesaj_zamani": 1770309141.0320106}, "NQ=F": {"son_fiyat": 24584.25, "son_mesaj_zamani": 1770326238.024257}, "ES=F": {"son_fiyat": 6810.5, "son_mesaj_zamani": 1770306811.254746}, "PL=F": {"son_fiyat": 1972.300048828125, "son_mesaj_zamani": 1770328137.6505115}, "PA=F": {"son_fiyat": 1634.0, "son_mesaj_zamani": 1770328137.6505115}}