{"GC=F": {"son_fiyat": 5327.39990234375, "son_mesaj_zamani": 1769591112.4642255}, "SI=F": {"son_fiyat": 112.80500030517578, "son_mesaj_zamani": 1769594404.2532058}, "CL=F": {"son_fiyat": 62.439998626708984, "son_mesaj_zamani": 1769543623.8022072}, "NG=F": {"son_fiyat": 3.5950000286102295, "son_mesaj_zamani": 1769594404.2532058}, "HG=F": {"son_fiyat": 5.988999843597412, "son_mesaj_zamani": 1769580101.0122414}, "ZC=F": {"son_fiyat": 428.75, "son_mesaj_zamani": 1769183601.1449463}, "ZW=F": {"son_fiyat": 531.75, "son_mesaj_zamani": 1769591112.4642255}, "NQ=F": {"son_fiyat": 26138.5, "son_mesaj_zamani": 1769557314.8134131}, "ES=F": {"son_fiyat": 7024.0, "son_mesaj_zamani": 1769573144.5415406}, "PL=F": {"son_fiyat": 2626.800048828125, "son_mesaj_zamani": 1769594404.2532058}, "PA=F": {"son_fiyat": 1949.5, "son_mesaj_zamani": 1769594404.2532058}}