{"GC=F": {"son_fiyat": 4960.39990234375, "son_mesaj_zamani": 1770982505.0253017}, "SI=F": {"son_fiyat": 76.83999633789062, "son_mesaj_zamani": 1770982505.0253017}, "CL=F": {"son_fiyat": 62.290000915527344, "son_mesaj_zamani": 1770983871.567022}, "NG=F": {"son_fiyat": 3.1510000228881836, "son_mesaj_zamani": 1770982505.0253017}, "HG=F": {"son_fiyat": 5.73799991607666, "son_mesaj_zamani": 1770980373.6110644}, "ZC=F": {"son_fiyat": 431.5, "son_mesaj_zamani": 1770952612.3969486}, "ZW=F": {"son_fiyat": 550.75, "son_mesaj_zamani": 1770921263.250519}, "NQ=F": {"son_fiyat": 24669.25, "son_mesaj_zamani": 1770982505.0253017}, "ES=F": {"son_fiyat": 6828.0, "son_mesaj_zamani": 1770982505.0253017}, "PL=F": {"son_fiyat": 2005.0, "son_mesaj_zamani": 1770982505.0253017}, "PA=F": {"son_fiyat": 1660.5, "son_mesaj_zamani": 1770974905.5416234}}