{"GC=F": {"son_fiyat": 5038.39990234375, "son_mesaj_zamani": 1771485525.0756948}, "SI=F": {"son_fiyat": 78.95999908447266, "son_mesaj_zamani": 1771485525.0756948}, "CL=F": {"son_fiyat": 65.33999633789062, "son_mesaj_zamani": 1771472733.36629}, "NG=F": {"son_fiyat": 3.0139999389648438, "son_mesaj_zamani": 1771485525.0756948}, "HG=F": {"son_fiyat": 5.790999889373779, "son_mesaj_zamani": 1771432542.8818784}, "ZC=F": {"son_fiyat": 427.75, "son_mesaj_zamani": 1771341197.0348065}, "ZW=F": {"son_fiyat": 554.0, "son_mesaj_zamani": 1771442918.0109544}, "NQ=F": {"son_fiyat": 24905.5, "son_mesaj_zamani": 1771405798.039548}, "ES=F": {"son_fiyat": 6886.25, "son_mesaj_zamani": 1771403138.069558}, "PL=F": {"son_fiyat": 2107.800048828125, "son_mesaj_zamani": 1771485525.0756948}, "PA=F": {"son_fiyat": 1756.5, "son_mesaj_zamani": 1771485525.0756948}}