{"GC=F": {"son_fiyat": 4937.89990234375, "son_mesaj_zamani": 1770384084.3225791}, "SI=F": {"son_fiyat": 75.44999694824219, "son_mesaj_zamani": 1770384084.3225791}, "CL=F": {"son_fiyat": 63.36000061035156, "son_mesaj_zamani": 1770375947.6519856}, "NG=F": {"son_fiyat": 3.5950000286102295, "son_mesaj_zamani": 1770384084.3225791}, "HG=F": {"son_fiyat": 5.7835001945495605, "son_mesaj_zamani": 1770345924.4220638}, "ZC=F": {"son_fiyat": 432.25, "son_mesaj_zamani": 1770306811.254746}, "ZW=F": {"son_fiyat": 535.0, "son_mesaj_zamani": 1770309141.0320106}, "NQ=F": {"son_fiyat": 24847.75, "son_mesaj_zamani": 1770378371.4896195}, "ES=F": {"son_fiyat": 6810.5, "son_mesaj_zamani": 1770306811.254746}, "PL=F": {"son_fiyat": 2009.0, "son_mesaj_zamani": 1770379401.200762}, "PA=F": {"son_fiyat": 1685.5, "son_mesaj_zamani": 1770384084.3225791}}