{"GC=F": {"son_fiyat": 4995.0, "son_mesaj_zamani": 1771512078.2669122}, "SI=F": {"son_fiyat": 77.52999877929688, "son_mesaj_zamani": 1771512078.2669122}, "CL=F": {"son_fiyat": 66.5199966430664, "son_mesaj_zamani": 1771509256.6858168}, "NG=F": {"son_fiyat": 2.999000072479248, "son_mesaj_zamani": 1771515126.9303756}, "HG=F": {"son_fiyat": 5.736000061035156, "son_mesaj_zamani": 1771499576.5368366}, "ZC=F": {"son_fiyat": 427.75, "son_mesaj_zamani": 1771341197.0348065}, "ZW=F": {"son_fiyat": 558.5, "son_mesaj_zamani": 1771499576.5368366}, "NQ=F": {"son_fiyat": 24905.5, "son_mesaj_zamani": 1771405798.039548}, "ES=F": {"son_fiyat": 6886.25, "son_mesaj_zamani": 1771403138.069558}, "PL=F": {"son_fiyat": 2068.699951171875, "son_mesaj_zamani": 1771509256.6858168}, "PA=F": {"son_fiyat": 1701.5, "son_mesaj_zamani": 1771515126.9303756}}