{"GC=F": {"son_fiyat": 5086.2998046875, "son_mesaj_zamani": 1770818351.9577377}, "SI=F": {"son_fiyat": 82.90499877929688, "son_mesaj_zamani": 1770906909.8037932}, "CL=F": {"son_fiyat": 63.9900016784668, "son_mesaj_zamani": 1770910161.8385859}, "NG=F": {"son_fiyat": 3.2860000133514404, "son_mesaj_zamani": 1770906909.8037932}, "HG=F": {"son_fiyat": 5.989500045776367, "son_mesaj_zamani": 1770844891.5359802}, "ZC=F": {"son_fiyat": 428.0, "son_mesaj_zamani": 1770632070.308592}, "ZW=F": {"son_fiyat": 539.75, "son_mesaj_zamani": 1770886770.3512838}, "NQ=F": {"son_fiyat": 25318.5, "son_mesaj_zamani": 1770653600.655566}, "ES=F": {"son_fiyat": 6965.25, "son_mesaj_zamani": 1770411705.4420831}, "PL=F": {"son_fiyat": 2140.89990234375, "son_mesaj_zamani": 1770910161.8385859}, "PA=F": {"son_fiyat": 1731.5, "son_mesaj_zamani": 1770906909.8037932}}