{"GC=F": {"son_fiyat": 5006.7998046875, "son_mesaj_zamani": 1770217768.927456}, "SI=F": {"son_fiyat": 89.54000091552734, "son_mesaj_zamani": 1770217768.927456}, "CL=F": {"son_fiyat": 63.20000076293945, "son_mesaj_zamani": 1770215317.715978}, "NG=F": {"son_fiyat": 3.424999952316284, "son_mesaj_zamani": 1770217768.927456}, "HG=F": {"son_fiyat": 5.95550012588501, "son_mesaj_zamani": 1770217768.927456}, "ZC=F": {"son_fiyat": 428.0, "son_mesaj_zamani": 1769770887.0004795}, "ZW=F": {"son_fiyat": 526.5, "son_mesaj_zamani": 1770055512.309435}, "NQ=F": {"son_fiyat": 25116.0, "son_mesaj_zamani": 1770217768.927456}, "ES=F": {"son_fiyat": 6931.25, "son_mesaj_zamani": 1770140366.7057464}, "PL=F": {"son_fiyat": 2258.699951171875, "son_mesaj_zamani": 1770217768.927456}, "PA=F": {"son_fiyat": 1832.0, "son_mesaj_zamani": 1770199196.9636326}}