{"GC=F": {"son_fiyat": 4941.2001953125, "son_mesaj_zamani": 1771318982.9045777}, "SI=F": {"son_fiyat": 74.27999877929688, "son_mesaj_zamani": 1771322464.1034074}, "CL=F": {"son_fiyat": 62.709999084472656, "son_mesaj_zamani": 1771338499.7759957}, "NG=F": {"son_fiyat": 3.046999931335449, "son_mesaj_zamani": 1771338499.7759957}, "HG=F": {"son_fiyat": 5.688000202178955, "son_mesaj_zamani": 1771306888.8490553}, "ZC=F": {"son_fiyat": 431.5, "son_mesaj_zamani": 1770952612.3969486}, "ZW=F": {"son_fiyat": 541.5, "son_mesaj_zamani": 1771294063.0918238}, "NQ=F": {"son_fiyat": 24702.25, "son_mesaj_zamani": 1771257426.0465548}, "ES=F": {"son_fiyat": 6829.25, "son_mesaj_zamani": 1771294063.0918238}, "PL=F": {"son_fiyat": 2015.699951171875, "son_mesaj_zamani": 1771338499.7759957}, "PA=F": {"son_fiyat": 1688.5, "son_mesaj_zamani": 1771338499.7759957}}