{"GC=F": {"son_fiyat": 4843.0, "son_mesaj_zamani": 1768968010.647514}, "SI=F": {"son_fiyat": 93.25499725341797, "son_mesaj_zamani": 1769011372.6963367}, "CL=F": {"son_fiyat": 60.439998626708984, "son_mesaj_zamani": 1768995976.6599889}, "NG=F": {"son_fiyat": 4.671000003814697, "son_mesaj_zamani": 1769011372.6963367}, "HG=F": {"son_fiyat": 5.82450008392334, "son_mesaj_zamani": 1769011372.6963367}, "ZC=F": {"son_fiyat": 424.0, "son_mesaj_zamani": 1768944570.091109}, "ZW=F": {"son_fiyat": 509.5, "son_mesaj_zamani": 1769011372.6963367}, "NQ=F": {"son_fiyat": 25485.5, "son_mesaj_zamani": 1769011372.6963367}, "ES=F": {"son_fiyat": 6906.75, "son_mesaj_zamani": 1769011372.6963367}, "PL=F": {"son_fiyat": 2525.39990234375, "son_mesaj_zamani": 1769011372.6963367}, "PA=F": {"son_fiyat": 1891.0, "son_mesaj_zamani": 1768982113.1261802}}