{"SLV": 1768757939.9067228, "PPLT": 1768757939.9067228, "PALL": 1768757939.9067228, "CPER": 1768757939.9067228, "WEAT": 1768757939.9067228, "CORN": 1768757939.9067228}