{"GC=F": {"son_fiyat": 5090.60009765625, "son_mesaj_zamani": 1769411130.2922406}, "SI=F": {"son_fiyat": 107.6500015258789, "son_mesaj_zamani": 1769411130.2922406}, "CL=F": {"son_fiyat": 61.130001068115234, "son_mesaj_zamani": 1769180196.5445962}, "NG=F": {"son_fiyat": 3.819999933242798, "son_mesaj_zamani": 1769411130.2922406}, "HG=F": {"son_fiyat": 5.910999774932861, "son_mesaj_zamani": 1769233430.7799966}, "ZC=F": {"son_fiyat": 428.75, "son_mesaj_zamani": 1769183601.1449463}, "ZW=F": {"son_fiyat": 532.0, "son_mesaj_zamani": 1769411130.2922406}, "NQ=F": {"son_fiyat": 25695.5, "son_mesaj_zamani": 1769072708.9696093}, "ES=F": {"son_fiyat": 6965.5, "son_mesaj_zamani": 1769104676.47341}, "PL=F": {"son_fiyat": 2857.5, "son_mesaj_zamani": 1769411130.2922406}, "PA=F": {"son_fiyat": 2093.5, "son_mesaj_zamani": 1769411130.2922406}}