{"GC=F": {"son_fiyat": 4846.10009765625, "son_mesaj_zamani": 1769094113.5613153}, "SI=F": {"son_fiyat": 95.83499908447266, "son_mesaj_zamani": 1769097618.614357}, "CL=F": {"son_fiyat": 59.91999816894531, "son_mesaj_zamani": 1769079506.6864128}, "NG=F": {"son_fiyat": 5.535999774932861, "son_mesaj_zamani": 1769094113.5613153}, "HG=F": {"son_fiyat": 5.71750020980835, "son_mesaj_zamani": 1769079506.6864128}, "ZC=F": {"son_fiyat": 424.0, "son_mesaj_zamani": 1768944570.091109}, "ZW=F": {"son_fiyat": 514.75, "son_mesaj_zamani": 1769097618.614357}, "NQ=F": {"son_fiyat": 25695.5, "son_mesaj_zamani": 1769072708.9696093}, "ES=F": {"son_fiyat": 6906.75, "son_mesaj_zamani": 1769011372.6963367}, "PL=F": {"son_fiyat": 2549.0, "son_mesaj_zamani": 1769097618.614357}, "PA=F": {"son_fiyat": 1894.5, "son_mesaj_zamani": 1769075897.6220787}}