{"GC=F": {"son_fiyat": 5009.7001953125, "son_mesaj_zamani": 1770991463.562336}, "SI=F": {"son_fiyat": 77.15499877929688, "son_mesaj_zamani": 1770994547.7927942}, "CL=F": {"son_fiyat": 63.02000045776367, "son_mesaj_zamani": 1770991463.562336}, "NG=F": {"son_fiyat": 3.180000066757202, "son_mesaj_zamani": 1770994547.7927942}, "HG=F": {"son_fiyat": 5.73799991607666, "son_mesaj_zamani": 1770980373.6110644}, "ZC=F": {"son_fiyat": 431.5, "son_mesaj_zamani": 1770952612.3969486}, "ZW=F": {"son_fiyat": 550.75, "son_mesaj_zamani": 1770921263.250519}, "NQ=F": {"son_fiyat": 24669.25, "son_mesaj_zamani": 1770982505.0253017}, "ES=F": {"son_fiyat": 6828.0, "son_mesaj_zamani": 1770982505.0253017}, "PL=F": {"son_fiyat": 2055.300048828125, "son_mesaj_zamani": 1770991463.562336}, "PA=F": {"son_fiyat": 1660.5, "son_mesaj_zamani": 1770974905.5416234}}