{"GC=F": {"son_fiyat": 4708.0, "son_mesaj_zamani": 1768888015.027572}, "SI=F": {"son_fiyat": 94.33000183105469, "son_mesaj_zamani": 1768888015.027572}, "PL=F": {"son_fiyat": 2375.800048828125, "son_mesaj_zamani": 1768888015.027572}, "PA=F": {"son_fiyat": 1883.0, "son_mesaj_zamani": 1768888015.027572}, "HG=F": {"son_fiyat": 5.878499984741211, "son_mesaj_zamani": 1768811671.7477207}, "CL=F": {"son_fiyat": 59.369998931884766, "son_mesaj_zamani": 1768837967.6375327}, "NG=F": {"son_fiyat": 3.7260000705718994, "son_mesaj_zamani": 1768892764.3254924}, "ZW=F": {"son_fiyat": 518.0, "son_mesaj_zamani": 1768812601.0387385}, "ZC=F": {"son_fiyat": 424.75, "son_mesaj_zamani": 1768812601.0387385}, "ZS=F": {"son_fiyat": 1083.0, "son_mesaj_zamani": 1768881628.4674902}, "ALI=F": {"son_fiyat": 3110.25, "son_mesaj_zamani": 1768814132.1711395}, "BZ=F": {"son_fiyat": 64.04000091552734, "son_mesaj_zamani": 1768834685.363234}, "RB=F": {"son_fiyat": 1.8140000104904175, "son_mesaj_zamani": 1768834685.363234}, "KC=F": {"son_fiyat": 355.29998779296875, "son_mesaj_zamani": 1768814132.1711395}, "SB=F": {"son_fiyat": 14.960000038146973, "son_mesaj_zamani": 1768814132.1711395}, "CC=F": {"son_fiyat": 5076.0, "son_mesaj_zamani": 1768814132.1711395}, "CT=F": {"son_fiyat": 64.66000366210938, "son_mesaj_zamani": 1768814132.1711395}}