{"GC=F": {"son_fiyat": 4954.0, "son_mesaj_zamani": 1769140724.9773061}, "SI=F": {"son_fiyat": 98.83499908447266, "son_mesaj_zamani": 1769140724.9773061}, "CL=F": {"son_fiyat": 59.66999816894531, "son_mesaj_zamani": 1769122323.557137}, "NG=F": {"son_fiyat": 4.761000156402588, "son_mesaj_zamani": 1769151768.3510833}, "HG=F": {"son_fiyat": 5.826000213623047, "son_mesaj_zamani": 1769140724.9773061}, "ZC=F": {"son_fiyat": 424.0, "son_mesaj_zamani": 1768944570.091109}, "ZW=F": {"son_fiyat": 514.75, "son_mesaj_zamani": 1769097618.614357}, "NQ=F": {"son_fiyat": 25695.5, "son_mesaj_zamani": 1769072708.9696093}, "ES=F": {"son_fiyat": 6965.5, "son_mesaj_zamani": 1769104676.47341}, "PL=F": {"son_fiyat": 2653.60009765625, "son_mesaj_zamani": 1769147641.9527695}, "PA=F": {"son_fiyat": 1947.0, "son_mesaj_zamani": 1769115261.0113602}}