{"GC=F": {"son_fiyat": 4937.89990234375, "son_mesaj_zamani": 1770384084.3225791}, "SI=F": {"son_fiyat": 75.44999694824219, "son_mesaj_zamani": 1770384084.3225791}, "CL=F": {"son_fiyat": 63.16999816894531, "son_mesaj_zamani": 1770389906.349527}, "NG=F": {"son_fiyat": 3.558000087738037, "son_mesaj_zamani": 1770389906.349527}, "HG=F": {"son_fiyat": 5.85099983215332, "son_mesaj_zamani": 1770389906.349527}, "ZC=F": {"son_fiyat": 432.25, "son_mesaj_zamani": 1770306811.254746}, "ZW=F": {"son_fiyat": 535.0, "son_mesaj_zamani": 1770309141.0320106}, "NQ=F": {"son_fiyat": 24847.75, "son_mesaj_zamani": 1770378371.4896195}, "ES=F": {"son_fiyat": 6899.5, "son_mesaj_zamani": 1770389906.349527}, "PL=F": {"son_fiyat": 2052.800048828125, "son_mesaj_zamani": 1770387028.605266}, "PA=F": {"son_fiyat": 1725.0, "son_mesaj_zamani": 1770389906.349527}}