{"GC=F": {"son_fiyat": 5041.0, "son_mesaj_zamani": 1771571314.684043}, "SI=F": {"son_fiyat": 79.83999633789062, "son_mesaj_zamani": 1771578481.4922068}, "CL=F": {"son_fiyat": 66.5199966430664, "son_mesaj_zamani": 1771509256.6858168}, "NG=F": {"son_fiyat": 2.940999984741211, "son_mesaj_zamani": 1771548809.57832}, "HG=F": {"son_fiyat": 5.7895002365112305, "son_mesaj_zamani": 1771578481.4922068}, "ZC=F": {"son_fiyat": 424.25, "son_mesaj_zamani": 1771522212.1136758}, "ZW=F": {"son_fiyat": 569.25, "son_mesaj_zamani": 1771530571.2090843}, "NQ=F": {"son_fiyat": 24905.5, "son_mesaj_zamani": 1771405798.039548}, "ES=F": {"son_fiyat": 6886.25, "son_mesaj_zamani": 1771403138.069558}, "PL=F": {"son_fiyat": 2114.699951171875, "son_mesaj_zamani": 1771578481.4922068}, "PA=F": {"son_fiyat": 1728.0, "son_mesaj_zamani": 1771578481.4922068}}