{"GC=F": {"son_fiyat": 5002.5, "son_mesaj_zamani": 1770952612.3969486}, "SI=F": {"son_fiyat": 76.80000305175781, "son_mesaj_zamani": 1770952612.3969486}, "CL=F": {"son_fiyat": 62.810001373291016, "son_mesaj_zamani": 1770917832.7616205}, "NG=F": {"son_fiyat": 3.187000036239624, "son_mesaj_zamani": 1770952612.3969486}, "HG=F": {"son_fiyat": 5.833499908447266, "son_mesaj_zamani": 1770952612.3969486}, "ZC=F": {"son_fiyat": 431.5, "son_mesaj_zamani": 1770952612.3969486}, "ZW=F": {"son_fiyat": 550.75, "son_mesaj_zamani": 1770921263.250519}, "NQ=F": {"son_fiyat": 24886.25, "son_mesaj_zamani": 1770913917.0960062}, "ES=F": {"son_fiyat": 6888.5, "son_mesaj_zamani": 1770913917.0960062}, "PL=F": {"son_fiyat": 2036.0999755859375, "son_mesaj_zamani": 1770952612.3969486}, "PA=F": {"son_fiyat": 1672.5, "son_mesaj_zamani": 1770952612.3969486}}