{"GC=F": {"son_fiyat": 4994.89990234375, "son_mesaj_zamani": 1770917832.7616205}, "SI=F": {"son_fiyat": 77.0199966430664, "son_mesaj_zamani": 1770913917.0960062}, "CL=F": {"son_fiyat": 62.810001373291016, "son_mesaj_zamani": 1770917832.7616205}, "NG=F": {"son_fiyat": 3.2809998989105225, "son_mesaj_zamani": 1770917832.7616205}, "HG=F": {"son_fiyat": 5.824999809265137, "son_mesaj_zamani": 1770913917.0960062}, "ZC=F": {"son_fiyat": 428.0, "son_mesaj_zamani": 1770632070.308592}, "ZW=F": {"son_fiyat": 546.25, "son_mesaj_zamani": 1770913917.0960062}, "NQ=F": {"son_fiyat": 24886.25, "son_mesaj_zamani": 1770913917.0960062}, "ES=F": {"son_fiyat": 6888.5, "son_mesaj_zamani": 1770913917.0960062}, "PL=F": {"son_fiyat": 2042.800048828125, "son_mesaj_zamani": 1770917832.7616205}, "PA=F": {"son_fiyat": 1671.0, "son_mesaj_zamani": 1770913917.0960062}}