{"GC=F": {"son_fiyat": 4954.0, "son_mesaj_zamani": 1769140724.9773061}, "SI=F": {"son_fiyat": 99.80500030517578, "son_mesaj_zamani": 1769180196.5445962}, "CL=F": {"son_fiyat": 61.130001068115234, "son_mesaj_zamani": 1769180196.5445962}, "NG=F": {"son_fiyat": 3.569000005722046, "son_mesaj_zamani": 1769180196.5445962}, "HG=F": {"son_fiyat": 5.894000053405762, "son_mesaj_zamani": 1769176573.3281317}, "ZC=F": {"son_fiyat": 424.0, "son_mesaj_zamani": 1768944570.091109}, "ZW=F": {"son_fiyat": 519.0, "son_mesaj_zamani": 1769176573.3281317}, "NQ=F": {"son_fiyat": 25695.5, "son_mesaj_zamani": 1769072708.9696093}, "ES=F": {"son_fiyat": 6965.5, "son_mesaj_zamani": 1769104676.47341}, "PL=F": {"son_fiyat": 2706.60009765625, "son_mesaj_zamani": 1769168376.4636369}, "PA=F": {"son_fiyat": 2016.5, "son_mesaj_zamani": 1769180196.5445962}}