{"GC=F": {"son_fiyat": 5038.39990234375, "son_mesaj_zamani": 1771485525.0756948}, "SI=F": {"son_fiyat": 78.18499755859375, "son_mesaj_zamani": 1771496741.2552571}, "CL=F": {"son_fiyat": 66.5199966430664, "son_mesaj_zamani": 1771509256.6858168}, "NG=F": {"son_fiyat": 2.9730000495910645, "son_mesaj_zamani": 1771509256.6858168}, "HG=F": {"son_fiyat": 5.736000061035156, "son_mesaj_zamani": 1771499576.5368366}, "ZC=F": {"son_fiyat": 427.75, "son_mesaj_zamani": 1771341197.0348065}, "ZW=F": {"son_fiyat": 558.5, "son_mesaj_zamani": 1771499576.5368366}, "NQ=F": {"son_fiyat": 24905.5, "son_mesaj_zamani": 1771405798.039548}, "ES=F": {"son_fiyat": 6886.25, "son_mesaj_zamani": 1771403138.069558}, "PL=F": {"son_fiyat": 2068.699951171875, "son_mesaj_zamani": 1771509256.6858168}, "PA=F": {"son_fiyat": 1687.0, "son_mesaj_zamani": 1771509256.6858168}}