{"GC=F": {"son_fiyat": 5037.5, "son_mesaj_zamani": 1769456708.3560665}, "SI=F": {"son_fiyat": 108.30500030517578, "son_mesaj_zamani": 1769460875.6432934}, "CL=F": {"son_fiyat": 60.63999938964844, "son_mesaj_zamani": 1769443027.8753057}, "NG=F": {"son_fiyat": 3.812000036239624, "son_mesaj_zamani": 1769457480.5343063}, "HG=F": {"son_fiyat": 5.91949987411499, "son_mesaj_zamani": 1769457480.5343063}, "ZC=F": {"son_fiyat": 428.75, "son_mesaj_zamani": 1769183601.1449463}, "ZW=F": {"son_fiyat": 525.5, "son_mesaj_zamani": 1769439591.1091385}, "NQ=F": {"son_fiyat": 25906.75, "son_mesaj_zamani": 1769447149.347128}, "ES=F": {"son_fiyat": 6965.5, "son_mesaj_zamani": 1769104676.47341}, "PL=F": {"son_fiyat": 2706.199951171875, "son_mesaj_zamani": 1769460875.6432934}, "PA=F": {"son_fiyat": 2055.0, "son_mesaj_zamani": 1769460875.6432934}}