{"GC=F": {"son_fiyat": 4843.0, "son_mesaj_zamani": 1768968010.647514}, "SI=F": {"son_fiyat": 94.5199966430664, "son_mesaj_zamani": 1768944570.091109}, "CL=F": {"son_fiyat": 59.54999923706055, "son_mesaj_zamani": 1768944570.091109}, "NG=F": {"son_fiyat": 4.0879998207092285, "son_mesaj_zamani": 1768974361.9446185}, "HG=F": {"son_fiyat": 5.823500156402588, "son_mesaj_zamani": 1768944570.091109}, "ZC=F": {"son_fiyat": 424.0, "son_mesaj_zamani": 1768944570.091109}, "ZW=F": {"son_fiyat": 510.5, "son_mesaj_zamani": 1768944570.091109}, "NQ=F": {"son_fiyat": 25150.0, "son_mesaj_zamani": 1768944570.091109}, "ES=F": {"son_fiyat": 6837.5, "son_mesaj_zamani": 1768944570.091109}}