{"GC=F": {"son_fiyat": 4954.0, "son_mesaj_zamani": 1769140724.9773061}, "SI=F": {"son_fiyat": 98.69999694824219, "son_mesaj_zamani": 1769168376.4636369}, "CL=F": {"son_fiyat": 60.22999954223633, "son_mesaj_zamani": 1769165756.4382613}, "NG=F": {"son_fiyat": 3.505000114440918, "son_mesaj_zamani": 1769159083.2518344}, "HG=F": {"son_fiyat": 5.826000213623047, "son_mesaj_zamani": 1769140724.9773061}, "ZC=F": {"son_fiyat": 424.0, "son_mesaj_zamani": 1768944570.091109}, "ZW=F": {"son_fiyat": 514.75, "son_mesaj_zamani": 1769097618.614357}, "NQ=F": {"son_fiyat": 25695.5, "son_mesaj_zamani": 1769072708.9696093}, "ES=F": {"son_fiyat": 6965.5, "son_mesaj_zamani": 1769104676.47341}, "PL=F": {"son_fiyat": 2706.60009765625, "son_mesaj_zamani": 1769168376.4636369}, "PA=F": {"son_fiyat": 1987.0, "son_mesaj_zamani": 1769168376.4636369}}