{"GC=F": {"son_fiyat": 5083.60009765625, "son_mesaj_zamani": 1770172605.290259}, "SI=F": {"son_fiyat": 90.02999877929688, "son_mesaj_zamani": 1770196018.2878804}, "CL=F": {"son_fiyat": 63.15999984741211, "son_mesaj_zamani": 1770196018.2878804}, "NG=F": {"son_fiyat": 3.2669999599456787, "son_mesaj_zamani": 1770191616.5377755}, "HG=F": {"son_fiyat": 6.079500198364258, "son_mesaj_zamani": 1770140366.7057464}, "ZC=F": {"son_fiyat": 428.0, "son_mesaj_zamani": 1769770887.0004795}, "ZW=F": {"son_fiyat": 526.5, "son_mesaj_zamani": 1770055512.309435}, "NQ=F": {"son_fiyat": 25401.5, "son_mesaj_zamani": 1770140366.7057464}, "ES=F": {"son_fiyat": 6931.25, "son_mesaj_zamani": 1770140366.7057464}, "PL=F": {"son_fiyat": 2303.800048828125, "son_mesaj_zamani": 1770188942.5768578}, "PA=F": {"son_fiyat": 1802.0, "son_mesaj_zamani": 1770188942.5768578}}