{"SLV": 1768772772.0338988, "PPLT": 1768772772.0338988, "PALL": 1768772772.0338988, "CPER": 1768772772.0338988, "WEAT": 1768772772.0338988, "CORN": 1768772772.0338988}