{"GC=F": {"son_fiyat": 5090.60009765625, "son_mesaj_zamani": 1769411130.2922406}, "SI=F": {"son_fiyat": 110.54499816894531, "son_mesaj_zamani": 1769439591.1091385}, "CL=F": {"son_fiyat": 61.130001068115234, "son_mesaj_zamani": 1769180196.5445962}, "NG=F": {"son_fiyat": 3.6700000762939453, "son_mesaj_zamani": 1769439591.1091385}, "HG=F": {"son_fiyat": 6.026500225067139, "son_mesaj_zamani": 1769439591.1091385}, "ZC=F": {"son_fiyat": 428.75, "son_mesaj_zamani": 1769183601.1449463}, "ZW=F": {"son_fiyat": 525.5, "son_mesaj_zamani": 1769439591.1091385}, "NQ=F": {"son_fiyat": 25695.5, "son_mesaj_zamani": 1769072708.9696093}, "ES=F": {"son_fiyat": 6965.5, "son_mesaj_zamani": 1769104676.47341}, "PL=F": {"son_fiyat": 2819.0, "son_mesaj_zamani": 1769435818.8075852}, "PA=F": {"son_fiyat": 2139.0, "son_mesaj_zamani": 1769439591.1091385}}