{"GC=F": {"son_fiyat": 4890.2001953125, "son_mesaj_zamani": 1770283913.9795}, "SI=F": {"son_fiyat": 78.44000244140625, "son_mesaj_zamani": 1770283913.9795}, "CL=F": {"son_fiyat": 63.79999923706055, "son_mesaj_zamani": 1770264096.9058883}, "NG=F": {"son_fiyat": 3.4649999141693115, "son_mesaj_zamani": 1770283913.9795}, "HG=F": {"son_fiyat": 5.849999904632568, "son_mesaj_zamani": 1770278382.4690783}, "ZC=F": {"son_fiyat": 428.0, "son_mesaj_zamani": 1769770887.0004795}, "ZW=F": {"son_fiyat": 526.5, "son_mesaj_zamani": 1770055512.309435}, "NQ=F": {"son_fiyat": 25038.25, "son_mesaj_zamani": 1770234768.8892658}, "ES=F": {"son_fiyat": 6925.25, "son_mesaj_zamani": 1770236371.0445185}, "PL=F": {"son_fiyat": 2086.10009765625, "son_mesaj_zamani": 1770283913.9795}, "PA=F": {"son_fiyat": 1721.0, "son_mesaj_zamani": 1770275796.7464955}}