{"GC=F": {"son_fiyat": 475.2001953125, "son_mesaj_zamani": 1768811671.7477207}, "SI=F": {"son_fiyat": 93.08999633789062, "son_mesaj_zamani": 1768811671.7477207}, "PL=F": {"son_fiyat": 2359.89990234375, "son_mesaj_zamani": 1768811671.7477207}, "PA=F": {"son_fiyat": 1842.5, "son_mesaj_zamani": 1768811671.7477207}, "HG=F": {"son_fiyat": 5.875, "son_mesaj_zamani": 1768811671.7477207}, "CL=F": {"son_fiyat": 58.86000061035156, "son_mesaj_zamani": 1768811671.7477207}, "NG=F": {"son_fiyat": 3.4189999103546143, "son_mesaj_zamani": 1768811671.7477207}}
