{"GC=F": {"son_fiyat": 5067.5, "son_mesaj_zamani": 1770019043.161761}, "SI=F": {"son_fiyat": 98.5, "son_mesaj_zamani": 1770019043.161761}, "CL=F": {"son_fiyat": 65.04000091552734, "son_mesaj_zamani": 1769781988.3730888}, "NG=F": {"son_fiyat": 4.0920000076293945, "son_mesaj_zamani": 1770019043.161761}, "HG=F": {"son_fiyat": 6.014999866485596, "son_mesaj_zamani": 1770019043.161761}, "ZC=F": {"son_fiyat": 428.0, "son_mesaj_zamani": 1769770887.0004795}, "ZW=F": {"son_fiyat": 538.75, "son_mesaj_zamani": 1769612667.8627312}, "NQ=F": {"son_fiyat": 25779.5, "son_mesaj_zamani": 1769758196.991991}, "ES=F": {"son_fiyat": 6966.0, "son_mesaj_zamani": 1769715774.9004374}, "PL=F": {"son_fiyat": 2085.0, "son_mesaj_zamani": 1770033453.1968153}, "PA=F": {"son_fiyat": 1837.0, "son_mesaj_zamani": 1770019043.161761}}