{"GC=F": {"son_fiyat": 4700.10009765625, "son_mesaj_zamani": 1770055512.309435}, "SI=F": {"son_fiyat": 78.94000244140625, "son_mesaj_zamani": 1770055512.309435}, "CL=F": {"son_fiyat": 61.79999923706055, "son_mesaj_zamani": 1770055512.309435}, "NG=F": {"son_fiyat": 3.249000072479248, "son_mesaj_zamani": 1770055512.309435}, "HG=F": {"son_fiyat": 5.83050012588501, "son_mesaj_zamani": 1770055512.309435}, "ZC=F": {"son_fiyat": 428.0, "son_mesaj_zamani": 1769770887.0004795}, "ZW=F": {"son_fiyat": 526.5, "son_mesaj_zamani": 1770055512.309435}, "NQ=F": {"son_fiyat": 25779.5, "son_mesaj_zamani": 1769758196.991991}, "ES=F": {"son_fiyat": 6966.0, "son_mesaj_zamani": 1769715774.9004374}, "PL=F": {"son_fiyat": 2122.300048828125, "son_mesaj_zamani": 1770055512.309435}, "PA=F": {"son_fiyat": 1709.0, "son_mesaj_zamani": 1770055512.309435}}