{"GC=F": {"son_fiyat": 5547.60009765625, "son_mesaj_zamani": 1769680895.77156}, "SI=F": {"son_fiyat": 119.91500091552734, "son_mesaj_zamani": 1769695807.9149678}, "CL=F": {"son_fiyat": 65.61000061035156, "son_mesaj_zamani": 1769695807.9149678}, "NG=F": {"son_fiyat": 3.8420000076293945, "son_mesaj_zamani": 1769662436.9731605}, "HG=F": {"son_fiyat": 6.494999885559082, "son_mesaj_zamani": 1769695807.9149678}, "ZC=F": {"son_fiyat": 432.25, "son_mesaj_zamani": 1769612667.8627312}, "ZW=F": {"son_fiyat": 538.75, "son_mesaj_zamani": 1769612667.8627312}, "NQ=F": {"son_fiyat": 26138.5, "son_mesaj_zamani": 1769557314.8134131}, "ES=F": {"son_fiyat": 7024.0, "son_mesaj_zamani": 1769573144.5415406}, "PL=F": {"son_fiyat": 2796.0, "son_mesaj_zamani": 1769695807.9149678}, "PA=F": {"son_fiyat": 2137.0, "son_mesaj_zamani": 1769695807.9149678}}