{"GC=F": {"son_fiyat": 4843.0, "son_mesaj_zamani": 1768968010.647514}, "SI=F": {"son_fiyat": 94.5199966430664, "son_mesaj_zamani": 1768944570.091109}, "CL=F": {"son_fiyat": 60.439998626708984, "son_mesaj_zamani": 1768995976.6599889}, "NG=F": {"son_fiyat": 4.669000148773193, "son_mesaj_zamani": 1768995976.6599889}, "HG=F": {"son_fiyat": 5.873499870300293, "son_mesaj_zamani": 1768993187.1943445}, "ZC=F": {"son_fiyat": 424.0, "son_mesaj_zamani": 1768944570.091109}, "ZW=F": {"son_fiyat": 510.5, "son_mesaj_zamani": 1768944570.091109}, "NQ=F": {"son_fiyat": 25150.0, "son_mesaj_zamani": 1768944570.091109}, "ES=F": {"son_fiyat": 6837.5, "son_mesaj_zamani": 1768944570.091109}, "PL=F": {"son_fiyat": 2464.89990234375, "son_mesaj_zamani": 1768989507.457665}, "PA=F": {"son_fiyat": 1891.0, "son_mesaj_zamani": 1768982113.1261802}}