{"GC=F": {"son_fiyat": 4839.10009765625, "son_mesaj_zamani": 1770306811.254746}, "SI=F": {"son_fiyat": 72.62999725341797, "son_mesaj_zamani": 1770306811.254746}, "CL=F": {"son_fiyat": 62.959999084472656, "son_mesaj_zamani": 1770306811.254746}, "NG=F": {"son_fiyat": 3.388000011444092, "son_mesaj_zamani": 1770306811.254746}, "HG=F": {"son_fiyat": 5.760000228881836, "son_mesaj_zamani": 1770306811.254746}, "ZC=F": {"son_fiyat": 432.25, "son_mesaj_zamani": 1770306811.254746}, "ZW=F": {"son_fiyat": 530.75, "son_mesaj_zamani": 1770303851.0109193}, "NQ=F": {"son_fiyat": 24799.5, "son_mesaj_zamani": 1770297810.287699}, "ES=F": {"son_fiyat": 6810.5, "son_mesaj_zamani": 1770306811.254746}, "PL=F": {"son_fiyat": 2008.199951171875, "son_mesaj_zamani": 1770306811.254746}, "PA=F": {"son_fiyat": 1666.5, "son_mesaj_zamani": 1770306811.254746}}