{"SLV": 1768672014.692467, "PPLT": 1768672014.692467, "PALL": 1768672014.692467, "CPER": 1768672014.692467, "WEAT": 1768672014.692467, "CORN": 1768672014.692467}