{"GC=F": {"son_fiyat": 4839.10009765625, "son_mesaj_zamani": 1770306811.254746}, "SI=F": {"son_fiyat": 75.31500244140625, "son_mesaj_zamani": 1770309141.0320106}, "CL=F": {"son_fiyat": 62.959999084472656, "son_mesaj_zamani": 1770306811.254746}, "NG=F": {"son_fiyat": 3.388000011444092, "son_mesaj_zamani": 1770306811.254746}, "HG=F": {"son_fiyat": 5.760000228881836, "son_mesaj_zamani": 1770306811.254746}, "ZC=F": {"son_fiyat": 432.25, "son_mesaj_zamani": 1770306811.254746}, "ZW=F": {"son_fiyat": 535.0, "son_mesaj_zamani": 1770309141.0320106}, "NQ=F": {"son_fiyat": 24799.5, "son_mesaj_zamani": 1770297810.287699}, "ES=F": {"son_fiyat": 6810.5, "son_mesaj_zamani": 1770306811.254746}, "PL=F": {"son_fiyat": 2044.199951171875, "son_mesaj_zamani": 1770309141.0320106}, "PA=F": {"son_fiyat": 1685.0, "son_mesaj_zamani": 1770309141.0320106}}