{"GC=F": {"son_fiyat": 4942.0, "son_mesaj_zamani": 1770921263.250519}, "SI=F": {"son_fiyat": 76.61499786376953, "son_mesaj_zamani": 1770926436.8831525}, "CL=F": {"son_fiyat": 62.810001373291016, "son_mesaj_zamani": 1770917832.7616205}, "NG=F": {"son_fiyat": 3.2170000076293945, "son_mesaj_zamani": 1770921263.250519}, "HG=F": {"son_fiyat": 5.775000095367432, "son_mesaj_zamani": 1770921263.250519}, "ZC=F": {"son_fiyat": 428.0, "son_mesaj_zamani": 1770632070.308592}, "ZW=F": {"son_fiyat": 550.75, "son_mesaj_zamani": 1770921263.250519}, "NQ=F": {"son_fiyat": 24886.25, "son_mesaj_zamani": 1770913917.0960062}, "ES=F": {"son_fiyat": 6888.5, "son_mesaj_zamani": 1770913917.0960062}, "PL=F": {"son_fiyat": 2032.5999755859375, "son_mesaj_zamani": 1770924947.175976}, "PA=F": {"son_fiyat": 1666.0, "son_mesaj_zamani": 1770926436.8831525}}