{"GC=F": {"son_fiyat": 5130.0, "son_mesaj_zamani": 1771626557.1058643}, "SI=F": {"son_fiyat": 83.98500061035156, "son_mesaj_zamani": 1771619635.8388927}, "CL=F": {"son_fiyat": 66.48999786376953, "son_mesaj_zamani": 1771610718.1826422}, "NG=F": {"son_fiyat": 2.993000030517578, "son_mesaj_zamani": 1771614131.624811}, "HG=F": {"son_fiyat": 5.83650016784668, "son_mesaj_zamani": 1771606505.5557804}, "ZC=F": {"son_fiyat": 438.25, "son_mesaj_zamani": 1771585658.1632605}, "ZW=F": {"son_fiyat": 581.75, "son_mesaj_zamani": 1771616423.0846748}, "NQ=F": {"son_fiyat": 25104.75, "son_mesaj_zamani": 1771603529.1903923}, "ES=F": {"son_fiyat": 6886.25, "son_mesaj_zamani": 1771403138.069558}, "PL=F": {"son_fiyat": 2180.0, "son_mesaj_zamani": 1771610718.1826422}, "PA=F": {"son_fiyat": 1786.5, "son_mesaj_zamani": 1771614131.624811}}