{"GC=F": {"son_fiyat": 4982.39990234375, "son_mesaj_zamani": 1770400711.764626}, "SI=F": {"son_fiyat": 76.94999694824219, "son_mesaj_zamani": 1770400711.764626}, "CL=F": {"son_fiyat": 63.31999969482422, "son_mesaj_zamani": 1770410038.4957454}, "NG=F": {"son_fiyat": 3.4000000953674316, "son_mesaj_zamani": 1770414001.6983619}, "HG=F": {"son_fiyat": 5.85099983215332, "son_mesaj_zamani": 1770389906.349527}, "ZC=F": {"son_fiyat": 432.25, "son_mesaj_zamani": 1770306811.254746}, "ZW=F": {"son_fiyat": 529.5, "son_mesaj_zamani": 1770400711.764626}, "NQ=F": {"son_fiyat": 25084.25, "son_mesaj_zamani": 1770400711.764626}, "ES=F": {"son_fiyat": 6965.25, "son_mesaj_zamani": 1770411705.4420831}, "PL=F": {"son_fiyat": 2102.89990234375, "son_mesaj_zamani": 1770400711.764626}, "PA=F": {"son_fiyat": 1712.0, "son_mesaj_zamani": 1770416392.1793861}}