{"SLV": 1768686812.844404, "PPLT": 1768686812.844404, "PALL": 1768686812.844404, "CPER": 1768686812.844404, "WEAT": 1768686812.844404, "CORN": 1768686812.844404}