{"GC=F": {"son_fiyat": 4959.5, "son_mesaj_zamani": 1770220771.0017922}, "SI=F": {"son_fiyat": 84.61000061035156, "son_mesaj_zamani": 1770229667.5609975}, "CL=F": {"son_fiyat": 64.58000183105469, "son_mesaj_zamani": 1770226867.3239994}, "NG=F": {"son_fiyat": 3.4549999237060547, "son_mesaj_zamani": 1770220771.0017922}, "HG=F": {"son_fiyat": 5.870999813079834, "son_mesaj_zamani": 1770224152.5602584}, "ZC=F": {"son_fiyat": 428.0, "son_mesaj_zamani": 1769770887.0004795}, "ZW=F": {"son_fiyat": 526.5, "son_mesaj_zamani": 1770055512.309435}, "NQ=F": {"son_fiyat": 24839.25, "son_mesaj_zamani": 1770229667.5609975}, "ES=F": {"son_fiyat": 6870.0, "son_mesaj_zamani": 1770229667.5609975}, "PL=F": {"son_fiyat": 2179.39990234375, "son_mesaj_zamani": 1770229667.5609975}, "PA=F": {"son_fiyat": 1740.0, "son_mesaj_zamani": 1770224152.5602584}}