{"GC=F": {"son_fiyat": 4941.2001953125, "son_mesaj_zamani": 1771318982.9045777}, "SI=F": {"son_fiyat": 74.93499755859375, "son_mesaj_zamani": 1771315691.0635707}, "CL=F": {"son_fiyat": 63.0, "son_mesaj_zamani": 1771318982.9045777}, "NG=F": {"son_fiyat": 3.0869998931884766, "son_mesaj_zamani": 1771318982.9045777}, "HG=F": {"son_fiyat": 5.688000202178955, "son_mesaj_zamani": 1771306888.8490553}, "ZC=F": {"son_fiyat": 431.5, "son_mesaj_zamani": 1770952612.3969486}, "ZW=F": {"son_fiyat": 541.5, "son_mesaj_zamani": 1771294063.0918238}, "NQ=F": {"son_fiyat": 24702.25, "son_mesaj_zamani": 1771257426.0465548}, "ES=F": {"son_fiyat": 6829.25, "son_mesaj_zamani": 1771294063.0918238}, "PL=F": {"son_fiyat": 2012.0999755859375, "son_mesaj_zamani": 1771313787.0304763}, "PA=F": {"son_fiyat": 1711.5, "son_mesaj_zamani": 1771318982.9045777}}