{"GC=F": {"son_fiyat": 4954.0, "son_mesaj_zamani": 1769140724.9773061}, "SI=F": {"son_fiyat": 100.92500305175781, "son_mesaj_zamani": 1769233430.7799966}, "CL=F": {"son_fiyat": 61.130001068115234, "son_mesaj_zamani": 1769180196.5445962}, "NG=F": {"son_fiyat": 5.275000095367432, "son_mesaj_zamani": 1769233430.7799966}, "HG=F": {"son_fiyat": 5.910999774932861, "son_mesaj_zamani": 1769233430.7799966}, "ZC=F": {"son_fiyat": 428.75, "son_mesaj_zamani": 1769183601.1449463}, "ZW=F": {"son_fiyat": 527.5, "son_mesaj_zamani": 1769191167.8800688}, "NQ=F": {"son_fiyat": 25695.5, "son_mesaj_zamani": 1769072708.9696093}, "ES=F": {"son_fiyat": 6965.5, "son_mesaj_zamani": 1769104676.47341}, "PL=F": {"son_fiyat": 2722.10009765625, "son_mesaj_zamani": 1769233430.7799966}, "PA=F": {"son_fiyat": 2010.0, "son_mesaj_zamani": 1769233430.7799966}}