{"GC=F": {"son_fiyat": 5022.0, "son_mesaj_zamani": 1771046115.7852654}, "SI=F": {"son_fiyat": 76.13999938964844, "son_mesaj_zamani": 1771224338.6405218}, "CL=F": {"son_fiyat": 63.02000045776367, "son_mesaj_zamani": 1770991463.562336}, "NG=F": {"son_fiyat": 2.9839999675750732, "son_mesaj_zamani": 1771224338.6405218}, "HG=F": {"son_fiyat": 5.796000003814697, "son_mesaj_zamani": 1771002728.5343804}, "ZC=F": {"son_fiyat": 431.5, "son_mesaj_zamani": 1770952612.3969486}, "ZW=F": {"son_fiyat": 550.75, "son_mesaj_zamani": 1770921263.250519}, "NQ=F": {"son_fiyat": 24909.25, "son_mesaj_zamani": 1771002728.5343804}, "ES=F": {"son_fiyat": 6885.5, "son_mesaj_zamani": 1771002728.5343804}, "PL=F": {"son_fiyat": 2073.0, "son_mesaj_zamani": 1770997017.308676}, "PA=F": {"son_fiyat": 1697.5, "son_mesaj_zamani": 1771046115.7852654}}