{"GC=F": {"son_fiyat": 5041.0, "son_mesaj_zamani": 1771571314.684043}, "SI=F": {"son_fiyat": 82.0, "son_mesaj_zamani": 1771603529.1903923}, "CL=F": {"son_fiyat": 65.94999694824219, "son_mesaj_zamani": 1771583557.625581}, "NG=F": {"son_fiyat": 2.9600000381469727, "son_mesaj_zamani": 1771596482.3919046}, "HG=F": {"son_fiyat": 5.7895002365112305, "son_mesaj_zamani": 1771578481.4922068}, "ZC=F": {"son_fiyat": 438.25, "son_mesaj_zamani": 1771585658.1632605}, "ZW=F": {"son_fiyat": 575.5, "son_mesaj_zamani": 1771599430.7081916}, "NQ=F": {"son_fiyat": 25104.75, "son_mesaj_zamani": 1771603529.1903923}, "ES=F": {"son_fiyat": 6886.25, "son_mesaj_zamani": 1771403138.069558}, "PL=F": {"son_fiyat": 2148.800048828125, "son_mesaj_zamani": 1771593587.0757675}, "PA=F": {"son_fiyat": 1745.5, "son_mesaj_zamani": 1771593587.0757675}}