{"SLV": 1768708968.9915988, "PPLT": 1768708968.9915988, "PALL": 1768708968.9915988, "CPER": 1768708968.9915988, "WEAT": 1768708968.9915988, "CORN": 1768708968.9915988}