{"GC=F": {"son_fiyat": 5413.2001953125, "son_mesaj_zamani": 1769634126.3862312}, "SI=F": {"son_fiyat": 116.56999969482422, "son_mesaj_zamani": 1769634126.3862312}, "CL=F": {"son_fiyat": 63.290000915527344, "son_mesaj_zamani": 1769608820.6760535}, "NG=F": {"son_fiyat": 3.73799991607666, "son_mesaj_zamani": 1769637436.499903}, "HG=F": {"son_fiyat": 5.986499786376953, "son_mesaj_zamani": 1769634126.3862312}, "ZC=F": {"son_fiyat": 432.25, "son_mesaj_zamani": 1769612667.8627312}, "ZW=F": {"son_fiyat": 538.75, "son_mesaj_zamani": 1769612667.8627312}, "NQ=F": {"son_fiyat": 26138.5, "son_mesaj_zamani": 1769557314.8134131}, "ES=F": {"son_fiyat": 7024.0, "son_mesaj_zamani": 1769573144.5415406}, "PL=F": {"son_fiyat": 2686.800048828125, "son_mesaj_zamani": 1769634126.3862312}, "PA=F": {"son_fiyat": 2092.5, "son_mesaj_zamani": 1769637436.499903}}