{"GC=F": {"son_fiyat": 4890.2001953125, "son_mesaj_zamani": 1770283913.9795}, "SI=F": {"son_fiyat": 76.04499816894531, "son_mesaj_zamani": 1770303851.0109193}, "CL=F": {"son_fiyat": 63.81999969482422, "son_mesaj_zamani": 1770297810.287699}, "NG=F": {"son_fiyat": 3.5199999809265137, "son_mesaj_zamani": 1770291726.2284682}, "HG=F": {"son_fiyat": 5.818999767303467, "son_mesaj_zamani": 1770303851.0109193}, "ZC=F": {"son_fiyat": 428.0, "son_mesaj_zamani": 1769770887.0004795}, "ZW=F": {"son_fiyat": 530.75, "son_mesaj_zamani": 1770303851.0109193}, "NQ=F": {"son_fiyat": 24799.5, "son_mesaj_zamani": 1770297810.287699}, "ES=F": {"son_fiyat": 6867.75, "son_mesaj_zamani": 1770297810.287699}, "PL=F": {"son_fiyat": 2052.5, "son_mesaj_zamani": 1770303851.0109193}, "PA=F": {"son_fiyat": 1705.5, "son_mesaj_zamani": 1770297810.287699}}