{"GC=F": {"son_fiyat": 5139.2001953125, "son_mesaj_zamani": 1769764099.5736678}, "SI=F": {"son_fiyat": 103.58000183105469, "son_mesaj_zamani": 1769764099.5736678}, "CL=F": {"son_fiyat": 64.37000274658203, "son_mesaj_zamani": 1769749017.5941556}, "NG=F": {"son_fiyat": 3.884999990463257, "son_mesaj_zamani": 1769715774.9004374}, "HG=F": {"son_fiyat": 6.026000022888184, "son_mesaj_zamani": 1769749017.5941556}, "ZC=F": {"son_fiyat": 432.25, "son_mesaj_zamani": 1769612667.8627312}, "ZW=F": {"son_fiyat": 538.75, "son_mesaj_zamani": 1769612667.8627312}, "NQ=F": {"son_fiyat": 25779.5, "son_mesaj_zamani": 1769758196.991991}, "ES=F": {"son_fiyat": 6966.0, "son_mesaj_zamani": 1769715774.9004374}, "PL=F": {"son_fiyat": 2327.5, "son_mesaj_zamani": 1769764099.5736678}, "PA=F": {"son_fiyat": 1839.0, "son_mesaj_zamani": 1769764099.5736678}}