{"GC=F": {"son_fiyat": 4977.7998046875, "son_mesaj_zamani": 1771294063.0918238}, "SI=F": {"son_fiyat": 75.37999725341797, "son_mesaj_zamani": 1771302403.8455534}, "CL=F": {"son_fiyat": 63.619998931884766, "son_mesaj_zamani": 1771260036.9993336}, "NG=F": {"son_fiyat": 3.0850000381469727, "son_mesaj_zamani": 1771268099.9327867}, "HG=F": {"son_fiyat": 5.748499870300293, "son_mesaj_zamani": 1771294063.0918238}, "ZC=F": {"son_fiyat": 431.5, "son_mesaj_zamani": 1770952612.3969486}, "ZW=F": {"son_fiyat": 541.5, "son_mesaj_zamani": 1771294063.0918238}, "NQ=F": {"son_fiyat": 24702.25, "son_mesaj_zamani": 1771257426.0465548}, "ES=F": {"son_fiyat": 6829.25, "son_mesaj_zamani": 1771294063.0918238}, "PL=F": {"son_fiyat": 2030.0, "son_mesaj_zamani": 1771302403.8455534}, "PA=F": {"son_fiyat": 1735.0, "son_mesaj_zamani": 1771302403.8455534}}