{"GC=F": {"son_fiyat": 4959.5, "son_mesaj_zamani": 1770220771.0017922}, "SI=F": {"son_fiyat": 87.3499984741211, "son_mesaj_zamani": 1770240423.741452}, "CL=F": {"son_fiyat": 64.33999633789062, "son_mesaj_zamani": 1770236371.0445185}, "NG=F": {"son_fiyat": 3.4549999237060547, "son_mesaj_zamani": 1770220771.0017922}, "HG=F": {"son_fiyat": 5.870999813079834, "son_mesaj_zamani": 1770224152.5602584}, "ZC=F": {"son_fiyat": 428.0, "son_mesaj_zamani": 1769770887.0004795}, "ZW=F": {"son_fiyat": 526.5, "son_mesaj_zamani": 1770055512.309435}, "NQ=F": {"son_fiyat": 25038.25, "son_mesaj_zamani": 1770234768.8892658}, "ES=F": {"son_fiyat": 6925.25, "son_mesaj_zamani": 1770236371.0445185}, "PL=F": {"son_fiyat": 2207.39990234375, "son_mesaj_zamani": 1770234768.8892658}, "PA=F": {"son_fiyat": 1757.0, "son_mesaj_zamani": 1770232456.815053}}