{"GC=F": {"son_fiyat": 5026.5, "son_mesaj_zamani": 1770624531.6683702}, "SI=F": {"son_fiyat": 80.5199966430664, "son_mesaj_zamani": 1770632070.308592}, "CL=F": {"son_fiyat": 62.720001220703125, "son_mesaj_zamani": 1770624531.6683702}, "NG=F": {"son_fiyat": 3.188999891281128, "son_mesaj_zamani": 1770622418.1573825}, "HG=F": {"son_fiyat": 5.9079999923706055, "son_mesaj_zamani": 1770628134.5511496}, "ZC=F": {"son_fiyat": 428.0, "son_mesaj_zamani": 1770632070.308592}, "ZW=F": {"son_fiyat": 529.5, "son_mesaj_zamani": 1770400711.764626}, "NQ=F": {"son_fiyat": 25084.25, "son_mesaj_zamani": 1770400711.764626}, "ES=F": {"son_fiyat": 6965.25, "son_mesaj_zamani": 1770411705.4420831}, "PL=F": {"son_fiyat": 2055.300048828125, "son_mesaj_zamani": 1770632070.308592}, "PA=F": {"son_fiyat": 1705.5, "son_mesaj_zamani": 1770632070.308592}}