{"GC=F": {"son_fiyat": 5026.5, "son_mesaj_zamani": 1770624531.6683702}, "SI=F": {"son_fiyat": 79.62000274658203, "son_mesaj_zamani": 1770638172.3147082}, "CL=F": {"son_fiyat": 63.279998779296875, "son_mesaj_zamani": 1770646540.8733969}, "NG=F": {"son_fiyat": 3.1510000228881836, "son_mesaj_zamani": 1770646540.8733969}, "HG=F": {"son_fiyat": 5.9079999923706055, "son_mesaj_zamani": 1770628134.5511496}, "ZC=F": {"son_fiyat": 428.0, "son_mesaj_zamani": 1770632070.308592}, "ZW=F": {"son_fiyat": 529.5, "son_mesaj_zamani": 1770400711.764626}, "NQ=F": {"son_fiyat": 25084.25, "son_mesaj_zamani": 1770400711.764626}, "ES=F": {"son_fiyat": 6965.25, "son_mesaj_zamani": 1770411705.4420831}, "PL=F": {"son_fiyat": 2081.89990234375, "son_mesaj_zamani": 1770646540.8733969}, "PA=F": {"son_fiyat": 1708.5, "son_mesaj_zamani": 1770646540.8733969}}