{"GC=F": {"son_fiyat": 5601.5, "son_mesaj_zamani": 1769644308.4772797}, "SI=F": {"son_fiyat": 118.59500122070312, "son_mesaj_zamani": 1769644308.4772797}, "CL=F": {"son_fiyat": 64.31999969482422, "son_mesaj_zamani": 1769662436.9731605}, "NG=F": {"son_fiyat": 3.8420000076293945, "son_mesaj_zamani": 1769662436.9731605}, "HG=F": {"son_fiyat": 6.326000213623047, "son_mesaj_zamani": 1769662436.9731605}, "ZC=F": {"son_fiyat": 432.25, "son_mesaj_zamani": 1769612667.8627312}, "ZW=F": {"son_fiyat": 538.75, "son_mesaj_zamani": 1769612667.8627312}, "NQ=F": {"son_fiyat": 26138.5, "son_mesaj_zamani": 1769557314.8134131}, "ES=F": {"son_fiyat": 7024.0, "son_mesaj_zamani": 1769573144.5415406}, "PL=F": {"son_fiyat": 2724.10009765625, "son_mesaj_zamani": 1769671789.9303393}, "PA=F": {"son_fiyat": 2096.5, "son_mesaj_zamani": 1769671789.9303393}}