{"GC=F": {"son_fiyat": 4667.60009765625, "son_mesaj_zamani": 1768813549.958624}, "SI=F": {"son_fiyat": 93.08499908447266, "son_mesaj_zamani": 1768811671.7477207}, "PL=F": {"son_fiyat": 2366.0, "son_mesaj_zamani": 1768811671.7477207}, "PA=F": {"son_fiyat": 1848.5, "son_mesaj_zamani": 1768811671.7477207}, "HG=F": {"son_fiyat": 5.878499984741211, "son_mesaj_zamani": 1768811671.7477207}, "CL=F": {"son_fiyat": 58.869998931884766, "son_mesaj_zamani": 1768811671.7477207}, "NG=F": {"son_fiyat": 3.427000045776367, "son_mesaj_zamani": 1768811671.7477207}, "ZW=F": {"son_fiyat": 518.0, "son_mesaj_zamani": 1768812601.0387385}, "ZC=F": {"son_fiyat": 424.75, "son_mesaj_zamani": 1768812601.0387385}, "ZS=F": {"son_fiyat": 1057.75, "son_mesaj_zamani": 1768812601.0387385}, "ALI=F": {"son_fiyat": 3110.25, "son_mesaj_zamani": 1768814132.1711395}, "BZ=F": {"son_fiyat": 63.459999084472656, "son_mesaj_zamani": 1768814132.1711395}, "RB=F": {"son_fiyat": 1.7971999645233154, "son_mesaj_zamani": 1768814132.1711395}, "KC=F": {"son_fiyat": 355.29998779296875, "son_mesaj_zamani": 1768814132.1711395}, "SB=F": {"son_fiyat": 14.960000038146973, "son_mesaj_zamani": 1768814132.1711395}, "CC=F": {"son_fiyat": 5076.0, "son_mesaj_zamani": 1768814132.1711395}, "CT=F": {"son_fiyat": 64.66000366210938, "son_mesaj_zamani": 1768814132.1711395}}