{"GC=F": {"son_fiyat": 4896.7998046875, "son_mesaj_zamani": 1770312535.2418058}, "SI=F": {"son_fiyat": 75.94000244140625, "son_mesaj_zamani": 1770312535.2418058}, "CL=F": {"son_fiyat": 63.540000915527344, "son_mesaj_zamani": 1770312535.2418058}, "NG=F": {"son_fiyat": 3.5160000324249268, "son_mesaj_zamani": 1770315138.5757768}, "HG=F": {"son_fiyat": 5.808000087738037, "son_mesaj_zamani": 1770312535.2418058}, "ZC=F": {"son_fiyat": 432.25, "son_mesaj_zamani": 1770306811.254746}, "ZW=F": {"son_fiyat": 535.0, "son_mesaj_zamani": 1770309141.0320106}, "NQ=F": {"son_fiyat": 24799.5, "son_mesaj_zamani": 1770297810.287699}, "ES=F": {"son_fiyat": 6810.5, "son_mesaj_zamani": 1770306811.254746}, "PL=F": {"son_fiyat": 2066.800048828125, "son_mesaj_zamani": 1770315138.5757768}, "PA=F": {"son_fiyat": 1685.0, "son_mesaj_zamani": 1770309141.0320106}}