{"GC=F": {"son_fiyat": 4745.10009765625, "son_mesaj_zamani": 1769943406.7052019}, "SI=F": {"son_fiyat": 78.29000091552734, "son_mesaj_zamani": 1769839446.449513}, "CL=F": {"son_fiyat": 65.04000091552734, "son_mesaj_zamani": 1769781988.3730888}, "NG=F": {"son_fiyat": 4.354000091552734, "son_mesaj_zamani": 1769943406.7052019}, "HG=F": {"son_fiyat": 5.923999786376953, "son_mesaj_zamani": 1769943406.7052019}, "ZC=F": {"son_fiyat": 428.0, "son_mesaj_zamani": 1769770887.0004795}, "ZW=F": {"son_fiyat": 538.75, "son_mesaj_zamani": 1769612667.8627312}, "NQ=F": {"son_fiyat": 25779.5, "son_mesaj_zamani": 1769758196.991991}, "ES=F": {"son_fiyat": 6966.0, "son_mesaj_zamani": 1769715774.9004374}, "PL=F": {"son_fiyat": 2121.60009765625, "son_mesaj_zamani": 1769943406.7052019}, "PA=F": {"son_fiyat": 1703.0999755859375, "son_mesaj_zamani": 1769943406.7052019}}