{"GC=F": {"son_fiyat": 4890.2001953125, "son_mesaj_zamani": 1770283913.9795}, "SI=F": {"son_fiyat": 77.69000244140625, "son_mesaj_zamani": 1770292962.0285096}, "CL=F": {"son_fiyat": 64.45999908447266, "son_mesaj_zamani": 1770291726.2284682}, "NG=F": {"son_fiyat": 3.5199999809265137, "son_mesaj_zamani": 1770291726.2284682}, "HG=F": {"son_fiyat": 5.849999904632568, "son_mesaj_zamani": 1770278382.4690783}, "ZC=F": {"son_fiyat": 428.0, "son_mesaj_zamani": 1769770887.0004795}, "ZW=F": {"son_fiyat": 526.5, "son_mesaj_zamani": 1770055512.309435}, "NQ=F": {"son_fiyat": 25038.25, "son_mesaj_zamani": 1770234768.8892658}, "ES=F": {"son_fiyat": 6925.25, "son_mesaj_zamani": 1770236371.0445185}, "PL=F": {"son_fiyat": 2080.300048828125, "son_mesaj_zamani": 1770292962.0285096}, "PA=F": {"son_fiyat": 1721.0, "son_mesaj_zamani": 1770275796.7464955}}