{"GC=F": {"son_fiyat": 4844.10009765625, "son_mesaj_zamani": 1770345924.4220638}, "SI=F": {"son_fiyat": 73.54000091552734, "son_mesaj_zamani": 1770356200.6342964}, "CL=F": {"son_fiyat": 63.70000076293945, "son_mesaj_zamani": 1770345924.4220638}, "NG=F": {"son_fiyat": 3.497999906539917, "son_mesaj_zamani": 1770356200.6342964}, "HG=F": {"son_fiyat": 5.7835001945495605, "son_mesaj_zamani": 1770345924.4220638}, "ZC=F": {"son_fiyat": 432.25, "son_mesaj_zamani": 1770306811.254746}, "ZW=F": {"son_fiyat": 535.0, "son_mesaj_zamani": 1770309141.0320106}, "NQ=F": {"son_fiyat": 24374.5, "son_mesaj_zamani": 1770334346.9691472}, "ES=F": {"son_fiyat": 6810.5, "son_mesaj_zamani": 1770306811.254746}, "PL=F": {"son_fiyat": 1965.4000244140625, "son_mesaj_zamani": 1770356200.6342964}, "PA=F": {"son_fiyat": 1635.0, "son_mesaj_zamani": 1770345924.4220638}}