{"GC=F": {"son_fiyat": 4843.0, "son_mesaj_zamani": 1768968010.647514}, "SI=F": {"son_fiyat": 94.5199966430664, "son_mesaj_zamani": 1768944570.091109}, "CL=F": {"son_fiyat": 60.439998626708984, "son_mesaj_zamani": 1768995976.6599889}, "NG=F": {"son_fiyat": 4.73799991607666, "son_mesaj_zamani": 1769003967.3176248}, "HG=F": {"son_fiyat": 5.873499870300293, "son_mesaj_zamani": 1768993187.1943445}, "ZC=F": {"son_fiyat": 424.0, "son_mesaj_zamani": 1768944570.091109}, "ZW=F": {"son_fiyat": 516.0, "son_mesaj_zamani": 1769003967.3176248}, "NQ=F": {"son_fiyat": 25150.0, "son_mesaj_zamani": 1768944570.091109}, "ES=F": {"son_fiyat": 6837.5, "son_mesaj_zamani": 1768944570.091109}, "PL=F": {"son_fiyat": 2491.800048828125, "son_mesaj_zamani": 1769003967.3176248}, "PA=F": {"son_fiyat": 1891.0, "son_mesaj_zamani": 1768982113.1261802}}