{"GC=F": {"son_fiyat": 4902.89990234375, "son_mesaj_zamani": 1769104676.47341}, "SI=F": {"son_fiyat": 95.83499908447266, "son_mesaj_zamani": 1769097618.614357}, "CL=F": {"son_fiyat": 59.18000030517578, "son_mesaj_zamani": 1769104676.47341}, "NG=F": {"son_fiyat": 5.043000221252441, "son_mesaj_zamani": 1769111153.3466504}, "HG=F": {"son_fiyat": 5.767000198364258, "son_mesaj_zamani": 1769101561.1915092}, "ZC=F": {"son_fiyat": 424.0, "son_mesaj_zamani": 1768944570.091109}, "ZW=F": {"son_fiyat": 514.75, "son_mesaj_zamani": 1769097618.614357}, "NQ=F": {"son_fiyat": 25695.5, "son_mesaj_zamani": 1769072708.9696093}, "ES=F": {"son_fiyat": 6965.5, "son_mesaj_zamani": 1769104676.47341}, "PL=F": {"son_fiyat": 2599.89990234375, "son_mesaj_zamani": 1769111865.7616467}, "PA=F": {"son_fiyat": 1924.5, "son_mesaj_zamani": 1769104676.47341}}