{"GC=F": {"son_fiyat": 4913.5, "son_mesaj_zamani": 1770104008.3646376}, "SI=F": {"son_fiyat": 87.03500366210938, "son_mesaj_zamani": 1770129288.1127923}, "CL=F": {"son_fiyat": 62.709999084472656, "son_mesaj_zamani": 1770129288.1127923}, "NG=F": {"son_fiyat": 3.2699999809265137, "son_mesaj_zamani": 1770129288.1127923}, "HG=F": {"son_fiyat": 6.014999866485596, "son_mesaj_zamani": 1770117801.7197104}, "ZC=F": {"son_fiyat": 428.0, "son_mesaj_zamani": 1769770887.0004795}, "ZW=F": {"son_fiyat": 526.5, "son_mesaj_zamani": 1770055512.309435}, "NQ=F": {"son_fiyat": 25779.5, "son_mesaj_zamani": 1769758196.991991}, "ES=F": {"son_fiyat": 7022.25, "son_mesaj_zamani": 1770095273.5418253}, "PL=F": {"son_fiyat": 2230.39990234375, "son_mesaj_zamani": 1770129288.1127923}, "PA=F": {"son_fiyat": 1805.0, "son_mesaj_zamani": 1770104008.3646376}}