{"GC=F": {"son_fiyat": 4947.39990234375, "son_mesaj_zamani": 1771389279.69026}, "SI=F": {"son_fiyat": 76.84500122070312, "son_mesaj_zamani": 1771425229.8751562}, "CL=F": {"son_fiyat": 63.93000030517578, "son_mesaj_zamani": 1771425229.8751562}, "NG=F": {"son_fiyat": 3.010999917984009, "son_mesaj_zamani": 1771393589.6255558}, "HG=F": {"son_fiyat": 5.736999988555908, "son_mesaj_zamani": 1771421888.3415868}, "ZC=F": {"son_fiyat": 427.75, "son_mesaj_zamani": 1771341197.0348065}, "ZW=F": {"son_fiyat": 546.25, "son_mesaj_zamani": 1771400384.7186549}, "NQ=F": {"son_fiyat": 24905.5, "son_mesaj_zamani": 1771405798.039548}, "ES=F": {"son_fiyat": 6886.25, "son_mesaj_zamani": 1771403138.069558}, "PL=F": {"son_fiyat": 2079.39990234375, "son_mesaj_zamani": 1771421888.3415868}, "PA=F": {"son_fiyat": 1755.0, "son_mesaj_zamani": 1771425229.8751562}}