{"GC=F": {"son_fiyat": 5083.60009765625, "son_mesaj_zamani": 1770172605.290259}, "SI=F": {"son_fiyat": 87.55500030517578, "son_mesaj_zamani": 1770172605.290259}, "CL=F": {"son_fiyat": 63.959999084472656, "son_mesaj_zamani": 1770151745.2998538}, "NG=F": {"son_fiyat": 3.3369998931884766, "son_mesaj_zamani": 1770162347.8289726}, "HG=F": {"son_fiyat": 6.079500198364258, "son_mesaj_zamani": 1770140366.7057464}, "ZC=F": {"son_fiyat": 428.0, "son_mesaj_zamani": 1769770887.0004795}, "ZW=F": {"son_fiyat": 526.5, "son_mesaj_zamani": 1770055512.309435}, "NQ=F": {"son_fiyat": 25401.5, "son_mesaj_zamani": 1770140366.7057464}, "ES=F": {"son_fiyat": 6931.25, "son_mesaj_zamani": 1770140366.7057464}, "PL=F": {"son_fiyat": 2257.800048828125, "son_mesaj_zamani": 1770172605.290259}, "PA=F": {"son_fiyat": 1782.0, "son_mesaj_zamani": 1770178914.6794922}}