{"GC=F": {"son_fiyat": 5086.5, "son_mesaj_zamani": 1770794165.6953478}, "SI=F": {"son_fiyat": 83.48999786376953, "son_mesaj_zamani": 1770794165.6953478}, "CL=F": {"son_fiyat": 64.20999908447266, "son_mesaj_zamani": 1770693833.01889}, "NG=F": {"son_fiyat": 3.138000011444092, "son_mesaj_zamani": 1770794165.6953478}, "HG=F": {"son_fiyat": 5.9095001220703125, "son_mesaj_zamani": 1770700523.1608438}, "ZC=F": {"son_fiyat": 428.0, "son_mesaj_zamani": 1770632070.308592}, "ZW=F": {"son_fiyat": 529.5, "son_mesaj_zamani": 1770400711.764626}, "NQ=F": {"son_fiyat": 25318.5, "son_mesaj_zamani": 1770653600.655566}, "ES=F": {"son_fiyat": 6965.25, "son_mesaj_zamani": 1770411705.4420831}, "PL=F": {"son_fiyat": 2126.0, "son_mesaj_zamani": 1770777719.7571125}, "PA=F": {"son_fiyat": 1765.5, "son_mesaj_zamani": 1770794165.6953478}}