{"GC=F": {"son_fiyat": 4969.0, "son_mesaj_zamani": 1770140366.7057464}, "SI=F": {"son_fiyat": 84.5, "son_mesaj_zamani": 1770146997.3004441}, "CL=F": {"son_fiyat": 63.38999938964844, "son_mesaj_zamani": 1770148849.3199084}, "NG=F": {"son_fiyat": 3.309000015258789, "son_mesaj_zamani": 1770143630.566775}, "HG=F": {"son_fiyat": 6.079500198364258, "son_mesaj_zamani": 1770140366.7057464}, "ZC=F": {"son_fiyat": 428.0, "son_mesaj_zamani": 1769770887.0004795}, "ZW=F": {"son_fiyat": 526.5, "son_mesaj_zamani": 1770055512.309435}, "NQ=F": {"son_fiyat": 25401.5, "son_mesaj_zamani": 1770140366.7057464}, "ES=F": {"son_fiyat": 6931.25, "son_mesaj_zamani": 1770140366.7057464}, "PL=F": {"son_fiyat": 2202.10009765625, "son_mesaj_zamani": 1770143630.566775}, "PA=F": {"son_fiyat": 1750.0, "son_mesaj_zamani": 1770143630.566775}}