{"GC=F": {"son_fiyat": 5059.2998046875, "son_mesaj_zamani": 1771650854.6485777}, "SI=F": {"son_fiyat": 82.28299713134766, "son_mesaj_zamani": 1771650854.6485777}, "CL=F": {"son_fiyat": 66.48999786376953, "son_mesaj_zamani": 1771610718.1826422}, "NG=F": {"son_fiyat": 2.9839999675750732, "son_mesaj_zamani": 1771736883.162483}, "HG=F": {"son_fiyat": 5.83650016784668, "son_mesaj_zamani": 1771606505.5557804}, "ZC=F": {"son_fiyat": 439.75, "son_mesaj_zamani": 1771736883.162483}, "ZW=F": {"son_fiyat": 580.25, "son_mesaj_zamani": 1771736883.162483}, "NQ=F": {"son_fiyat": 25104.75, "son_mesaj_zamani": 1771603529.1903923}, "ES=F": {"son_fiyat": 6886.25, "son_mesaj_zamani": 1771403138.069558}, "PL=F": {"son_fiyat": 2180.0, "son_mesaj_zamani": 1771610718.1826422}, "PA=F": {"son_fiyat": 1786.5, "son_mesaj_zamani": 1771614131.624811}}