{"GC=F": {"son_fiyat": 5090.60009765625, "son_mesaj_zamani": 1769411130.2922406}, "SI=F": {"son_fiyat": 112.76000213623047, "son_mesaj_zamani": 1769454259.0542529}, "CL=F": {"son_fiyat": 60.63999938964844, "son_mesaj_zamani": 1769443027.8753057}, "NG=F": {"son_fiyat": 3.8970000743865967, "son_mesaj_zamani": 1769450260.7327676}, "HG=F": {"son_fiyat": 5.978000164031982, "son_mesaj_zamani": 1769454259.0542529}, "ZC=F": {"son_fiyat": 428.75, "son_mesaj_zamani": 1769183601.1449463}, "ZW=F": {"son_fiyat": 525.5, "son_mesaj_zamani": 1769439591.1091385}, "NQ=F": {"son_fiyat": 25906.75, "son_mesaj_zamani": 1769447149.347128}, "ES=F": {"son_fiyat": 6965.5, "son_mesaj_zamani": 1769104676.47341}, "PL=F": {"son_fiyat": 2786.60009765625, "son_mesaj_zamani": 1769454259.0542529}, "PA=F": {"son_fiyat": 2131.5, "son_mesaj_zamani": 1769454259.0542529}}