{"GC=F": {"son_fiyat": 5237.7998046875, "son_mesaj_zamani": 1769749017.5941556}, "SI=F": {"son_fiyat": 110.86499786376953, "son_mesaj_zamani": 1769749017.5941556}, "CL=F": {"son_fiyat": 64.37000274658203, "son_mesaj_zamani": 1769749017.5941556}, "NG=F": {"son_fiyat": 3.884999990463257, "son_mesaj_zamani": 1769715774.9004374}, "HG=F": {"son_fiyat": 6.026000022888184, "son_mesaj_zamani": 1769749017.5941556}, "ZC=F": {"son_fiyat": 432.25, "son_mesaj_zamani": 1769612667.8627312}, "ZW=F": {"son_fiyat": 538.75, "son_mesaj_zamani": 1769612667.8627312}, "NQ=F": {"son_fiyat": 26007.25, "son_mesaj_zamani": 1769730720.5580418}, "ES=F": {"son_fiyat": 6966.0, "son_mesaj_zamani": 1769715774.9004374}, "PL=F": {"son_fiyat": 2501.89990234375, "son_mesaj_zamani": 1769749017.5941556}, "PA=F": {"son_fiyat": 1935.0, "son_mesaj_zamani": 1769749017.5941556}}