{"GC=F": {"son_fiyat": 4792.2998046875, "son_mesaj_zamani": 1770328137.6505115}, "SI=F": {"son_fiyat": 67.54000091552734, "son_mesaj_zamani": 1770334346.9691472}, "CL=F": {"son_fiyat": 62.9900016784668, "son_mesaj_zamani": 1770334346.9691472}, "NG=F": {"son_fiyat": 3.5320000648498535, "son_mesaj_zamani": 1770328137.6505115}, "HG=F": {"son_fiyat": 5.70550012588501, "son_mesaj_zamani": 1770328137.6505115}, "ZC=F": {"son_fiyat": 432.25, "son_mesaj_zamani": 1770306811.254746}, "ZW=F": {"son_fiyat": 535.0, "son_mesaj_zamani": 1770309141.0320106}, "NQ=F": {"son_fiyat": 24374.5, "son_mesaj_zamani": 1770334346.9691472}, "ES=F": {"son_fiyat": 6810.5, "son_mesaj_zamani": 1770306811.254746}, "PL=F": {"son_fiyat": 1952.0999755859375, "son_mesaj_zamani": 1770334346.9691472}, "PA=F": {"son_fiyat": 1606.0, "son_mesaj_zamani": 1770334346.9691472}}