{"GC=F": {"son_fiyat": 4843.0, "son_mesaj_zamani": 1768968010.647514}, "SI=F": {"son_fiyat": 93.25499725341797, "son_mesaj_zamani": 1769011372.6963367}, "CL=F": {"son_fiyat": 60.439998626708984, "son_mesaj_zamani": 1768995976.6599889}, "NG=F": {"son_fiyat": 4.860000133514404, "son_mesaj_zamani": 1769019012.798982}, "HG=F": {"son_fiyat": 5.76800012588501, "son_mesaj_zamani": 1769019012.798982}, "ZC=F": {"son_fiyat": 424.0, "son_mesaj_zamani": 1768944570.091109}, "ZW=F": {"son_fiyat": 509.5, "son_mesaj_zamani": 1769011372.6963367}, "NQ=F": {"son_fiyat": 25211.0, "son_mesaj_zamani": 1769019012.798982}, "ES=F": {"son_fiyat": 6906.75, "son_mesaj_zamani": 1769011372.6963367}, "PL=F": {"son_fiyat": 2496.5, "son_mesaj_zamani": 1769019012.798982}, "PA=F": {"son_fiyat": 1891.0, "son_mesaj_zamani": 1768982113.1261802}}