{"GC=F": {"son_fiyat": 5022.0, "son_mesaj_zamani": 1771046115.7852654}, "SI=F": {"son_fiyat": 76.41000366210938, "son_mesaj_zamani": 1771254683.4785357}, "CL=F": {"son_fiyat": 63.619998931884766, "son_mesaj_zamani": 1771260036.9993336}, "NG=F": {"son_fiyat": 3.0850000381469727, "son_mesaj_zamani": 1771268099.9327867}, "HG=F": {"son_fiyat": 5.796000003814697, "son_mesaj_zamani": 1771002728.5343804}, "ZC=F": {"son_fiyat": 431.5, "son_mesaj_zamani": 1770952612.3969486}, "ZW=F": {"son_fiyat": 550.75, "son_mesaj_zamani": 1770921263.250519}, "NQ=F": {"son_fiyat": 24702.25, "son_mesaj_zamani": 1771257426.0465548}, "ES=F": {"son_fiyat": 6885.5, "son_mesaj_zamani": 1771002728.5343804}, "PL=F": {"son_fiyat": 2050.60009765625, "son_mesaj_zamani": 1771260036.9993336}, "PA=F": {"son_fiyat": 1774.0, "son_mesaj_zamani": 1771260036.9993336}}