{"GC=F": {"son_fiyat": 5129.7998046875, "son_mesaj_zamani": 1770810714.9823782}, "SI=F": {"son_fiyat": 85.36499786376953, "son_mesaj_zamani": 1770807654.6050646}, "CL=F": {"son_fiyat": 64.79000091552734, "son_mesaj_zamani": 1770800524.7810755}, "NG=F": {"son_fiyat": 3.138000011444092, "son_mesaj_zamani": 1770794165.6953478}, "HG=F": {"son_fiyat": 6.047999858856201, "son_mesaj_zamani": 1770807654.6050646}, "ZC=F": {"son_fiyat": 428.0, "son_mesaj_zamani": 1770632070.308592}, "ZW=F": {"son_fiyat": 534.25, "son_mesaj_zamani": 1770810714.9823782}, "NQ=F": {"son_fiyat": 25318.5, "son_mesaj_zamani": 1770653600.655566}, "ES=F": {"son_fiyat": 6965.25, "son_mesaj_zamani": 1770411705.4420831}, "PL=F": {"son_fiyat": 2185.800048828125, "son_mesaj_zamani": 1770804136.4377596}, "PA=F": {"son_fiyat": 1784.5, "son_mesaj_zamani": 1770807654.6050646}}