{"GC=F": {"son_fiyat": 4942.10009765625, "son_mesaj_zamani": 1770275796.7464955}, "SI=F": {"son_fiyat": 78.58000183105469, "son_mesaj_zamani": 1770275796.7464955}, "CL=F": {"son_fiyat": 63.79999923706055, "son_mesaj_zamani": 1770264096.9058883}, "NG=F": {"son_fiyat": 3.5190000534057617, "son_mesaj_zamani": 1770278382.4690783}, "HG=F": {"son_fiyat": 5.849999904632568, "son_mesaj_zamani": 1770278382.4690783}, "ZC=F": {"son_fiyat": 428.0, "son_mesaj_zamani": 1769770887.0004795}, "ZW=F": {"son_fiyat": 526.5, "son_mesaj_zamani": 1770055512.309435}, "NQ=F": {"son_fiyat": 25038.25, "son_mesaj_zamani": 1770234768.8892658}, "ES=F": {"son_fiyat": 6925.25, "son_mesaj_zamani": 1770236371.0445185}, "PL=F": {"son_fiyat": 2103.10009765625, "son_mesaj_zamani": 1770278382.4690783}, "PA=F": {"son_fiyat": 1721.0, "son_mesaj_zamani": 1770275796.7464955}}