{"GC=F": {"son_fiyat": 5029.39990234375, "son_mesaj_zamani": 1769781988.3730888}, "SI=F": {"son_fiyat": 97.1449966430664, "son_mesaj_zamani": 1769781988.3730888}, "CL=F": {"son_fiyat": 65.04000091552734, "son_mesaj_zamani": 1769781988.3730888}, "NG=F": {"son_fiyat": 4.0279998779296875, "son_mesaj_zamani": 1769781988.3730888}, "HG=F": {"son_fiyat": 5.973499774932861, "son_mesaj_zamani": 1769781988.3730888}, "ZC=F": {"son_fiyat": 428.0, "son_mesaj_zamani": 1769770887.0004795}, "ZW=F": {"son_fiyat": 538.75, "son_mesaj_zamani": 1769612667.8627312}, "NQ=F": {"son_fiyat": 25779.5, "son_mesaj_zamani": 1769758196.991991}, "ES=F": {"son_fiyat": 6966.0, "son_mesaj_zamani": 1769715774.9004374}, "PL=F": {"son_fiyat": 2264.199951171875, "son_mesaj_zamani": 1769781988.3730888}, "PA=F": {"son_fiyat": 1812.0, "son_mesaj_zamani": 1769781988.3730888}}