{"GC=F": {"son_fiyat": 4969.0, "son_mesaj_zamani": 1770140366.7057464}, "SI=F": {"son_fiyat": 84.5, "son_mesaj_zamani": 1770146997.3004441}, "CL=F": {"son_fiyat": 63.959999084472656, "son_mesaj_zamani": 1770151745.2998538}, "NG=F": {"son_fiyat": 3.3389999866485596, "son_mesaj_zamani": 1770151745.2998538}, "HG=F": {"son_fiyat": 6.079500198364258, "son_mesaj_zamani": 1770140366.7057464}, "ZC=F": {"son_fiyat": 428.0, "son_mesaj_zamani": 1769770887.0004795}, "ZW=F": {"son_fiyat": 526.5, "son_mesaj_zamani": 1770055512.309435}, "NQ=F": {"son_fiyat": 25401.5, "son_mesaj_zamani": 1770140366.7057464}, "ES=F": {"son_fiyat": 6931.25, "son_mesaj_zamani": 1770140366.7057464}, "PL=F": {"son_fiyat": 2232.300048828125, "son_mesaj_zamani": 1770151745.2998538}, "PA=F": {"son_fiyat": 1750.0, "son_mesaj_zamani": 1770143630.566775}}