{"GC=F": {"son_fiyat": 4803.7998046875, "son_mesaj_zamani": 1769024612.0721812}, "SI=F": {"son_fiyat": 93.20500183105469, "son_mesaj_zamani": 1769090355.8946087}, "CL=F": {"son_fiyat": 59.91999816894531, "son_mesaj_zamani": 1769079506.6864128}, "NG=F": {"son_fiyat": 5.302000045776367, "son_mesaj_zamani": 1769090355.8946087}, "HG=F": {"son_fiyat": 5.71750020980835, "son_mesaj_zamani": 1769079506.6864128}, "ZC=F": {"son_fiyat": 424.0, "son_mesaj_zamani": 1768944570.091109}, "ZW=F": {"son_fiyat": 509.5, "son_mesaj_zamani": 1769011372.6963367}, "NQ=F": {"son_fiyat": 25695.5, "son_mesaj_zamani": 1769072708.9696093}, "ES=F": {"son_fiyat": 6906.75, "son_mesaj_zamani": 1769011372.6963367}, "PL=F": {"son_fiyat": 2518.0, "son_mesaj_zamani": 1769090355.8946087}, "PA=F": {"son_fiyat": 1894.5, "son_mesaj_zamani": 1769075897.6220787}}