{"GC=F": {"son_fiyat": 4982.39990234375, "son_mesaj_zamani": 1770400711.764626}, "SI=F": {"son_fiyat": 80.73999786376953, "son_mesaj_zamani": 1770622418.1573825}, "CL=F": {"son_fiyat": 63.31999969482422, "son_mesaj_zamani": 1770410038.4957454}, "NG=F": {"son_fiyat": 3.188999891281128, "son_mesaj_zamani": 1770622418.1573825}, "HG=F": {"son_fiyat": 5.85099983215332, "son_mesaj_zamani": 1770389906.349527}, "ZC=F": {"son_fiyat": 432.25, "son_mesaj_zamani": 1770306811.254746}, "ZW=F": {"son_fiyat": 529.5, "son_mesaj_zamani": 1770400711.764626}, "NQ=F": {"son_fiyat": 25084.25, "son_mesaj_zamani": 1770400711.764626}, "ES=F": {"son_fiyat": 6965.25, "son_mesaj_zamani": 1770411705.4420831}, "PL=F": {"son_fiyat": 2102.89990234375, "son_mesaj_zamani": 1770400711.764626}, "PA=F": {"son_fiyat": 1732.699951171875, "son_mesaj_zamani": 1770442496.7098846}}