{"GC=F": {"son_fiyat": 4941.7001953125, "son_mesaj_zamani": 1770913917.0960062}, "SI=F": {"son_fiyat": 77.0199966430664, "son_mesaj_zamani": 1770913917.0960062}, "CL=F": {"son_fiyat": 63.9900016784668, "son_mesaj_zamani": 1770910161.8385859}, "NG=F": {"son_fiyat": 3.2100000381469727, "son_mesaj_zamani": 1770913917.0960062}, "HG=F": {"son_fiyat": 5.824999809265137, "son_mesaj_zamani": 1770913917.0960062}, "ZC=F": {"son_fiyat": 428.0, "son_mesaj_zamani": 1770632070.308592}, "ZW=F": {"son_fiyat": 546.25, "son_mesaj_zamani": 1770913917.0960062}, "NQ=F": {"son_fiyat": 24886.25, "son_mesaj_zamani": 1770913917.0960062}, "ES=F": {"son_fiyat": 6888.5, "son_mesaj_zamani": 1770913917.0960062}, "PL=F": {"son_fiyat": 2023.0, "son_mesaj_zamani": 1770913917.0960062}, "PA=F": {"son_fiyat": 1671.0, "son_mesaj_zamani": 1770913917.0960062}}