{"GC=F": {"son_fiyat": 4673.7998046875, "son_mesaj_zamani": 1768812601.0387385}, "SI=F": {"son_fiyat": 93.08499908447266, "son_mesaj_zamani": 1768811671.7477207}, "PL=F": {"son_fiyat": 2366.0, "son_mesaj_zamani": 1768811671.7477207}, "PA=F": {"son_fiyat": 1848.5, "son_mesaj_zamani": 1768811671.7477207}, "HG=F": {"son_fiyat": 5.878499984741211, "son_mesaj_zamani": 1768811671.7477207}, "CL=F": {"son_fiyat": 58.869998931884766, "son_mesaj_zamani": 1768811671.7477207}, "NG=F": {"son_fiyat": 3.427000045776367, "son_mesaj_zamani": 1768811671.7477207}, "ZW=F": {"son_fiyat": 518.0, "son_mesaj_zamani": 1768812601.0387385}, "ZC=F": {"son_fiyat": 424.75, "son_mesaj_zamani": 1768812601.0387385}, "ZS=F": {"son_fiyat": 1057.75, "son_mesaj_zamani": 1768812601.0387385}}