{"GC=F": {"son_fiyat": 5088.7001953125, "son_mesaj_zamani": 1770653600.655566}, "SI=F": {"son_fiyat": 83.21499633789062, "son_mesaj_zamani": 1770657145.3252716}, "CL=F": {"son_fiyat": 64.75, "son_mesaj_zamani": 1770657145.3252716}, "NG=F": {"son_fiyat": 3.131999969482422, "son_mesaj_zamani": 1770667714.3591075}, "HG=F": {"son_fiyat": 5.958499908447266, "son_mesaj_zamani": 1770657145.3252716}, "ZC=F": {"son_fiyat": 428.0, "son_mesaj_zamani": 1770632070.308592}, "ZW=F": {"son_fiyat": 529.5, "son_mesaj_zamani": 1770400711.764626}, "NQ=F": {"son_fiyat": 25318.5, "son_mesaj_zamani": 1770653600.655566}, "ES=F": {"son_fiyat": 6965.25, "son_mesaj_zamani": 1770411705.4420831}, "PL=F": {"son_fiyat": 2125.89990234375, "son_mesaj_zamani": 1770653600.655566}, "PA=F": {"son_fiyat": 1743.0, "son_mesaj_zamani": 1770660231.7448142}}