{"GC=F": {"son_fiyat": 4724.6, "son_mesaj_zamani": 1768895127.638412}, "SI=F": {"son_fiyat": 95.065, "son_mesaj_zamani": 1768899931.4294996}, "PL=F": {"son_fiyat": 2399.1, "son_mesaj_zamani": 1768895127.638412}, "PA=F": {"son_fiyat": 1893.0, "son_mesaj_zamani": 1768895127.638412}, "HG=F": {"son_fiyat": 5.8845, "son_mesaj_zamani": 1768895127.638412}, "ALI=F": {"son_fiyat": 3090.0, "son_mesaj_zamani": 1768903124.1637545}, "CL=F": {"son_fiyat": 59.1, "son_mesaj_zamani": 1768895127.638412}, "BZ=F": {"son_fiyat": 63.77, "son_mesaj_zamani": 1768895127.638412}, "NG=F": {"son_fiyat": 3.797, "son_mesaj_zamani": 1768906737.2600152}, "RB=F": {"son_fiyat": 1.8088, "son_mesaj_zamani": 1768895127.638412}, "ZC=F": {"son_fiyat": 423.25, "son_mesaj_zamani": 1768895127.638412}, "ZW=F": {"son_fiyat": 516.75, "son_mesaj_zamani": 1768895127.638412}, "ZS=F": {"son_fiyat": 1054.5, "son_mesaj_zamani": 1768899931.4294996}, "KC=F": {"son_fiyat": 355.1, "son_mesaj_zamani": 1768895127.638412}, "SB=F": {"son_fiyat": 14.99, "son_mesaj_zamani": 1768895127.638412}, "CC=F": {"son_fiyat": 4764.0, "son_mesaj_zamani": 1768906737.2600152}, "CT=F": {"son_fiyat": 64.6, "son_mesaj_zamani": 1768895127.638412}}