{"GC=F": {"son_fiyat": 5086.2998046875, "son_mesaj_zamani": 1770818351.9577377}, "SI=F": {"son_fiyat": 84.30000305175781, "son_mesaj_zamani": 1770818351.9577377}, "CL=F": {"son_fiyat": 65.37999725341797, "son_mesaj_zamani": 1770813319.509635}, "NG=F": {"son_fiyat": 3.072999954223633, "son_mesaj_zamani": 1770818351.9577377}, "HG=F": {"son_fiyat": 5.994999885559082, "son_mesaj_zamani": 1770818351.9577377}, "ZC=F": {"son_fiyat": 428.0, "son_mesaj_zamani": 1770632070.308592}, "ZW=F": {"son_fiyat": 534.25, "son_mesaj_zamani": 1770810714.9823782}, "NQ=F": {"son_fiyat": 25318.5, "son_mesaj_zamani": 1770653600.655566}, "ES=F": {"son_fiyat": 6965.25, "son_mesaj_zamani": 1770411705.4420831}, "PL=F": {"son_fiyat": 2163.300048828125, "son_mesaj_zamani": 1770818351.9577377}, "PA=F": {"son_fiyat": 1766.5, "son_mesaj_zamani": 1770818351.9577377}}