{"GLD": 1768810194.7687194, "SLV": 1768810194.7687194, "PPLT": 1768810194.7687194, "PALL": 1768810194.7687194, "CPER": 1768810194.7687194, "UNG": 1768810194.7687194, "WEAT": 1768810194.7687194, "CORN": 1768810194.7687194, "GC=F": {"son_fiyat": 4675.0, "son_mesaj_zamani": 0}, "SI=F": {"son_fiyat": 93.16500091552734, "son_mesaj_zamani": 0}, "PL=F": {"son_fiyat": 2359.60009765625, "son_mesaj_zamani": 0}, "PA=F": {"son_fiyat": 1842.5, "son_mesaj_zamani": 0}, "HG=F": {"son_fiyat": 5.869999885559082, "son_mesaj_zamani": 0}, "CL=F": {"son_fiyat": 58.869998931884766, "son_mesaj_zamani": 0}, "NG=F": {"son_fiyat": 3.4119999408721924, "son_mesaj_zamani": 0}}