{"GC=F": {"son_fiyat": 4900.5, "son_mesaj_zamani": 1771306888.8490553}, "SI=F": {"son_fiyat": 72.80000305175781, "son_mesaj_zamani": 1771306888.8490553}, "CL=F": {"son_fiyat": 63.619998931884766, "son_mesaj_zamani": 1771260036.9993336}, "NG=F": {"son_fiyat": 3.0850000381469727, "son_mesaj_zamani": 1771268099.9327867}, "HG=F": {"son_fiyat": 5.688000202178955, "son_mesaj_zamani": 1771306888.8490553}, "ZC=F": {"son_fiyat": 431.5, "son_mesaj_zamani": 1770952612.3969486}, "ZW=F": {"son_fiyat": 541.5, "son_mesaj_zamani": 1771294063.0918238}, "NQ=F": {"son_fiyat": 24702.25, "son_mesaj_zamani": 1771257426.0465548}, "ES=F": {"son_fiyat": 6829.25, "son_mesaj_zamani": 1771294063.0918238}, "PL=F": {"son_fiyat": 1994.0, "son_mesaj_zamani": 1771306888.8490553}, "PA=F": {"son_fiyat": 1719.0, "son_mesaj_zamani": 1771306888.8490553}}