{"GC=F": {"son_fiyat": 4982.39990234375, "son_mesaj_zamani": 1770400711.764626}, "SI=F": {"son_fiyat": 76.94999694824219, "son_mesaj_zamani": 1770400711.764626}, "CL=F": {"son_fiyat": 63.84000015258789, "son_mesaj_zamani": 1770392485.3816268}, "NG=F": {"son_fiyat": 3.4539999961853027, "son_mesaj_zamani": 1770403983.3928099}, "HG=F": {"son_fiyat": 5.85099983215332, "son_mesaj_zamani": 1770389906.349527}, "ZC=F": {"son_fiyat": 432.25, "son_mesaj_zamani": 1770306811.254746}, "ZW=F": {"son_fiyat": 529.5, "son_mesaj_zamani": 1770400711.764626}, "NQ=F": {"son_fiyat": 25084.25, "son_mesaj_zamani": 1770400711.764626}, "ES=F": {"son_fiyat": 6899.5, "son_mesaj_zamani": 1770389906.349527}, "PL=F": {"son_fiyat": 2102.89990234375, "son_mesaj_zamani": 1770400711.764626}, "PA=F": {"son_fiyat": 1730.0, "son_mesaj_zamani": 1770403983.3928099}}