{"GC=F": {"son_fiyat": 4880.60009765625, "son_mesaj_zamani": 1771341197.0348065}, "SI=F": {"son_fiyat": 72.65499877929688, "son_mesaj_zamani": 1771341197.0348065}, "CL=F": {"son_fiyat": 61.939998626708984, "son_mesaj_zamani": 1771344594.8130193}, "NG=F": {"son_fiyat": 3.046999931335449, "son_mesaj_zamani": 1771338499.7759957}, "HG=F": {"son_fiyat": 5.688000202178955, "son_mesaj_zamani": 1771306888.8490553}, "ZC=F": {"son_fiyat": 427.75, "son_mesaj_zamani": 1771341197.0348065}, "ZW=F": {"son_fiyat": 541.5, "son_mesaj_zamani": 1771294063.0918238}, "NQ=F": {"son_fiyat": 24702.25, "son_mesaj_zamani": 1771257426.0465548}, "ES=F": {"son_fiyat": 6829.25, "son_mesaj_zamani": 1771294063.0918238}, "PL=F": {"son_fiyat": 2015.699951171875, "son_mesaj_zamani": 1771338499.7759957}, "PA=F": {"son_fiyat": 1708.0, "son_mesaj_zamani": 1771344594.8130193}}