{"GC=F": {"son_fiyat": 5026.5, "son_mesaj_zamani": 1770624531.6683702}, "SI=F": {"son_fiyat": 81.08000183105469, "son_mesaj_zamani": 1770650010.3999145}, "CL=F": {"son_fiyat": 64.11000061035156, "son_mesaj_zamani": 1770650010.3999145}, "NG=F": {"son_fiyat": 3.2009999752044678, "son_mesaj_zamani": 1770650010.3999145}, "HG=F": {"son_fiyat": 5.9079999923706055, "son_mesaj_zamani": 1770628134.5511496}, "ZC=F": {"son_fiyat": 428.0, "son_mesaj_zamani": 1770632070.308592}, "ZW=F": {"son_fiyat": 529.5, "son_mesaj_zamani": 1770400711.764626}, "NQ=F": {"son_fiyat": 25084.25, "son_mesaj_zamani": 1770400711.764626}, "ES=F": {"son_fiyat": 6965.25, "son_mesaj_zamani": 1770411705.4420831}, "PL=F": {"son_fiyat": 2103.0, "son_mesaj_zamani": 1770650010.3999145}, "PA=F": {"son_fiyat": 1736.0, "son_mesaj_zamani": 1770650010.3999145}}