{"GC=F": {"son_fiyat": 5084.60009765625, "son_mesaj_zamani": 1769497479.4132106}, "SI=F": {"son_fiyat": 110.125, "son_mesaj_zamani": 1769497479.4132106}, "CL=F": {"son_fiyat": 60.63999938964844, "son_mesaj_zamani": 1769443027.8753057}, "NG=F": {"son_fiyat": 3.757999897003174, "son_mesaj_zamani": 1769497479.4132106}, "HG=F": {"son_fiyat": 5.91949987411499, "son_mesaj_zamani": 1769457480.5343063}, "ZC=F": {"son_fiyat": 428.75, "son_mesaj_zamani": 1769183601.1449463}, "ZW=F": {"son_fiyat": 521.25, "son_mesaj_zamani": 1769497479.4132106}, "NQ=F": {"son_fiyat": 25906.75, "son_mesaj_zamani": 1769447149.347128}, "ES=F": {"son_fiyat": 6965.5, "son_mesaj_zamani": 1769104676.47341}, "PL=F": {"son_fiyat": 2708.60009765625, "son_mesaj_zamani": 1769497479.4132106}, "PA=F": {"son_fiyat": 2035.5, "son_mesaj_zamani": 1769497479.4132106}}