{"GC=F": {"son_fiyat": 5002.5, "son_mesaj_zamani": 1770952612.3969486}, "SI=F": {"son_fiyat": 78.87999725341797, "son_mesaj_zamani": 1770972103.3960392}, "CL=F": {"son_fiyat": 62.810001373291016, "son_mesaj_zamani": 1770917832.7616205}, "NG=F": {"son_fiyat": 3.135999917984009, "son_mesaj_zamani": 1770962851.1343136}, "HG=F": {"son_fiyat": 5.786499977111816, "son_mesaj_zamani": 1770966829.4351168}, "ZC=F": {"son_fiyat": 431.5, "son_mesaj_zamani": 1770952612.3969486}, "ZW=F": {"son_fiyat": 550.75, "son_mesaj_zamani": 1770921263.250519}, "NQ=F": {"son_fiyat": 24886.25, "son_mesaj_zamani": 1770913917.0960062}, "ES=F": {"son_fiyat": 6888.5, "son_mesaj_zamani": 1770913917.0960062}, "PL=F": {"son_fiyat": 2033.199951171875, "son_mesaj_zamani": 1770969466.9054577}, "PA=F": {"son_fiyat": 1675.0, "son_mesaj_zamani": 1770969466.9054577}}