{"GC=F": {"son_fiyat": 5194.7001953125, "son_mesaj_zamani": 1769702366.3988414}, "SI=F": {"son_fiyat": 109.38999938964844, "son_mesaj_zamani": 1769702366.3988414}, "CL=F": {"son_fiyat": 65.61000061035156, "son_mesaj_zamani": 1769695807.9149678}, "NG=F": {"son_fiyat": 3.7790000438690186, "son_mesaj_zamani": 1769702366.3988414}, "HG=F": {"son_fiyat": 6.124499797821045, "son_mesaj_zamani": 1769702366.3988414}, "ZC=F": {"son_fiyat": 432.25, "son_mesaj_zamani": 1769612667.8627312}, "ZW=F": {"son_fiyat": 538.75, "son_mesaj_zamani": 1769612667.8627312}, "NQ=F": {"son_fiyat": 25558.75, "son_mesaj_zamani": 1769702366.3988414}, "ES=F": {"son_fiyat": 6906.5, "son_mesaj_zamani": 1769702366.3988414}, "PL=F": {"son_fiyat": 2552.199951171875, "son_mesaj_zamani": 1769702366.3988414}, "PA=F": {"son_fiyat": 1975.5, "son_mesaj_zamani": 1769702366.3988414}}