{"GC=F": {"son_fiyat": 4987.10009765625, "son_mesaj_zamani": 1769463974.8627498}, "SI=F": {"son_fiyat": 103.94999694824219, "son_mesaj_zamani": 1769464774.0354693}, "CL=F": {"son_fiyat": 60.63999938964844, "son_mesaj_zamani": 1769443027.8753057}, "NG=F": {"son_fiyat": 3.8499999046325684, "son_mesaj_zamani": 1769463974.8627498}, "HG=F": {"son_fiyat": 5.91949987411499, "son_mesaj_zamani": 1769457480.5343063}, "ZC=F": {"son_fiyat": 428.75, "son_mesaj_zamani": 1769183601.1449463}, "ZW=F": {"son_fiyat": 525.5, "son_mesaj_zamani": 1769439591.1091385}, "NQ=F": {"son_fiyat": 25906.75, "son_mesaj_zamani": 1769447149.347128}, "ES=F": {"son_fiyat": 6965.5, "son_mesaj_zamani": 1769104676.47341}, "PL=F": {"son_fiyat": 2575.60009765625, "son_mesaj_zamani": 1769467856.785892}, "PA=F": {"son_fiyat": 2008.5, "son_mesaj_zamani": 1769464774.0354693}}