{"GC=F": {"son_fiyat": 4979.89990234375, "son_mesaj_zamani": 1771463225.158057}, "SI=F": {"son_fiyat": 76.55000305175781, "son_mesaj_zamani": 1771463225.158057}, "CL=F": {"son_fiyat": 64.73999786376953, "son_mesaj_zamani": 1771436436.2846262}, "NG=F": {"son_fiyat": 3.0789999961853027, "son_mesaj_zamani": 1771463225.158057}, "HG=F": {"son_fiyat": 5.790999889373779, "son_mesaj_zamani": 1771432542.8818784}, "ZC=F": {"son_fiyat": 427.75, "son_mesaj_zamani": 1771341197.0348065}, "ZW=F": {"son_fiyat": 554.0, "son_mesaj_zamani": 1771442918.0109544}, "NQ=F": {"son_fiyat": 24905.5, "son_mesaj_zamani": 1771405798.039548}, "ES=F": {"son_fiyat": 6886.25, "son_mesaj_zamani": 1771403138.069558}, "PL=F": {"son_fiyat": 2095.5, "son_mesaj_zamani": 1771442918.0109544}, "PA=F": {"son_fiyat": 1737.0, "son_mesaj_zamani": 1771442918.0109544}}