{"GC=F": {"son_fiyat": 4888.2998046875, "son_mesaj_zamani": 1770370835.3693414}, "SI=F": {"son_fiyat": 74.04499816894531, "son_mesaj_zamani": 1770370835.3693414}, "CL=F": {"son_fiyat": 63.36000061035156, "son_mesaj_zamani": 1770375947.6519856}, "NG=F": {"son_fiyat": 3.5329999923706055, "son_mesaj_zamani": 1770378371.4896195}, "HG=F": {"son_fiyat": 5.7835001945495605, "son_mesaj_zamani": 1770345924.4220638}, "ZC=F": {"son_fiyat": 432.25, "son_mesaj_zamani": 1770306811.254746}, "ZW=F": {"son_fiyat": 535.0, "son_mesaj_zamani": 1770309141.0320106}, "NQ=F": {"son_fiyat": 24847.75, "son_mesaj_zamani": 1770378371.4896195}, "ES=F": {"son_fiyat": 6810.5, "son_mesaj_zamani": 1770306811.254746}, "PL=F": {"son_fiyat": 1988.4000244140625, "son_mesaj_zamani": 1770375947.6519856}, "PA=F": {"son_fiyat": 1664.0, "son_mesaj_zamani": 1770375947.6519856}}