{"GC=F": {"son_fiyat": 4954.0, "son_mesaj_zamani": 1769140724.9773061}, "SI=F": {"son_fiyat": 102.6500015258789, "son_mesaj_zamani": 1769201484.9939737}, "CL=F": {"son_fiyat": 61.130001068115234, "son_mesaj_zamani": 1769180196.5445962}, "NG=F": {"son_fiyat": 3.6459999084472656, "son_mesaj_zamani": 1769204463.9878216}, "HG=F": {"son_fiyat": 5.959499835968018, "son_mesaj_zamani": 1769190573.260014}, "ZC=F": {"son_fiyat": 428.75, "son_mesaj_zamani": 1769183601.1449463}, "ZW=F": {"son_fiyat": 527.5, "son_mesaj_zamani": 1769191167.8800688}, "NQ=F": {"son_fiyat": 25695.5, "son_mesaj_zamani": 1769072708.9696093}, "ES=F": {"son_fiyat": 6965.5, "son_mesaj_zamani": 1769104676.47341}, "PL=F": {"son_fiyat": 2753.89990234375, "son_mesaj_zamani": 1769190573.260014}, "PA=F": {"son_fiyat": 2038.0, "son_mesaj_zamani": 1769187689.9519653}}