{"GC=F": {"son_fiyat": 4882.2001953125, "son_mesaj_zamani": 1770264096.9058883}, "SI=F": {"son_fiyat": 76.75, "son_mesaj_zamani": 1770264096.9058883}, "CL=F": {"son_fiyat": 63.79999923706055, "son_mesaj_zamani": 1770264096.9058883}, "NG=F": {"son_fiyat": 3.4549999237060547, "son_mesaj_zamani": 1770220771.0017922}, "HG=F": {"son_fiyat": 5.803500175476074, "son_mesaj_zamani": 1770264096.9058883}, "ZC=F": {"son_fiyat": 428.0, "son_mesaj_zamani": 1769770887.0004795}, "ZW=F": {"son_fiyat": 526.5, "son_mesaj_zamani": 1770055512.309435}, "NQ=F": {"son_fiyat": 25038.25, "son_mesaj_zamani": 1770234768.8892658}, "ES=F": {"son_fiyat": 6925.25, "son_mesaj_zamani": 1770236371.0445185}, "PL=F": {"son_fiyat": 2064.800048828125, "son_mesaj_zamani": 1770264096.9058883}, "PA=F": {"son_fiyat": 1703.5, "son_mesaj_zamani": 1770264096.9058883}}