{"SLV": 1768743517.0936944, "PPLT": 1768743517.0936944, "PALL": 1768743517.0936944, "CPER": 1768743517.0936944, "WEAT": 1768743517.0936944, "CORN": 1768743517.0936944}