{"GC=F": {"son_fiyat": 4803.7998046875, "son_mesaj_zamani": 1769024612.0721812}, "SI=F": {"son_fiyat": 94.1449966430664, "son_mesaj_zamani": 1769068286.5043087}, "CL=F": {"son_fiyat": 60.439998626708984, "son_mesaj_zamani": 1768995976.6599889}, "NG=F": {"son_fiyat": 5.422999858856201, "son_mesaj_zamani": 1769068286.5043087}, "HG=F": {"son_fiyat": 5.76800012588501, "son_mesaj_zamani": 1769019012.798982}, "ZC=F": {"son_fiyat": 424.0, "son_mesaj_zamani": 1768944570.091109}, "ZW=F": {"son_fiyat": 509.5, "son_mesaj_zamani": 1769011372.6963367}, "NQ=F": {"son_fiyat": 25465.0, "son_mesaj_zamani": 1769024612.0721812}, "ES=F": {"son_fiyat": 6906.75, "son_mesaj_zamani": 1769011372.6963367}, "PL=F": {"son_fiyat": 2469.300048828125, "son_mesaj_zamani": 1769068286.5043087}, "PA=F": {"son_fiyat": 1876.5, "son_mesaj_zamani": 1769065478.470428}}