{"SLV": 1768726251.8421347, "PPLT": 1768726251.8421347, "PALL": 1768726251.8421347, "CPER": 1768726251.8421347, "WEAT": 1768726251.8421347, "CORN": 1768726251.8421347}